﻿<?xml version="1.0" encoding="utf-8" ?>
 <field>
  <fielditem id="1820" fieldname="otid" groupid="11">
    <title>所属其它模型分类</title>
    <tips><![CDATA[]]></tips>
    <fieldtype>0</fieldtype>
    <defaultvalue><![CDATA[0]]></defaultvalue>
    <options><![CDATA[]]></options>
    <mustfilltf>0</mustfilltf>
    <showonform>0</showonform>
    <showonuserform>0</showonuserform>
    <showonclubform>0</showonclubform>
    <allowfileext></allowfileext>
    <width>300</width>
    <height>0</height>
    <maxfilesize>0</maxfilesize>
    <editortype></editortype>
    <showunit>0</showunit>
    <unitoptions><![CDATA[]]></unitoptions>
    <parentfieldname></parentfieldname>
    <maxlength>0</maxlength>
  </fielditem>
  <fielditem id="1096" fieldname="title" groupid="11">
    <title>商品名称</title>
    <tips><![CDATA[]]></tips>
    <fieldtype>0</fieldtype>
    <defaultvalue><![CDATA[]]></defaultvalue>
    <options><![CDATA[]]></options>
    <mustfilltf>0</mustfilltf>
    <showonform>1</showonform>
    <showonuserform>1</showonuserform>
    <showonclubform>0</showonclubform>
    <allowfileext></allowfileext>
    <width>300</width>
    <height>0</height>
    <maxfilesize>0</maxfilesize>
    <editortype></editortype>
    <showunit>0</showunit>
    <unitoptions><![CDATA[]]></unitoptions>
    <parentfieldname></parentfieldname>
    <maxlength>0</maxlength>
  </fielditem>
  <fielditem id="2184" fieldname="KS_Slideshow" groupid="11">
    <title>首页幻灯</title>
    <tips><![CDATA[]]></tips>
    <fieldtype>9</fieldtype>
    <defaultvalue><![CDATA[]]></defaultvalue>
    <options><![CDATA[]]></options>
    <mustfilltf>0</mustfilltf>
    <showonform>1</showonform>
    <showonuserform>1</showonuserform>
    <showonclubform>0</showonclubform>
    <allowfileext>jpg|gif|png</allowfileext>
    <width>350</width>
    <height>80</height>
    <maxfilesize>1024</maxfilesize>
    <editortype>Basic</editortype>
    <showunit>0</showunit>
    <unitoptions><![CDATA[]]></unitoptions>
    <parentfieldname>0</parentfieldname>
    <maxlength>255</maxlength>
  </fielditem>
  <fielditem id="1097" fieldname="tid" groupid="11">
    <title>归属栏目</title>
    <tips><![CDATA[]]></tips>
    <fieldtype>0</fieldtype>
    <defaultvalue><![CDATA[]]></defaultvalue>
    <options><![CDATA[]]></options>
    <mustfilltf>0</mustfilltf>
    <showonform>1</showonform>
    <showonuserform>1</showonuserform>
    <showonclubform>0</showonclubform>
    <allowfileext></allowfileext>
    <width>300</width>
    <height>0</height>
    <maxfilesize>1024</maxfilesize>
    <editortype></editortype>
    <showunit>0</showunit>
    <unitoptions><![CDATA[]]></unitoptions>
    <parentfieldname></parentfieldname>
    <maxlength>0</maxlength>
  </fielditem>
  <fielditem id="1098" fieldname="brandid" groupid="11">
    <title>归属品牌</title>
    <tips><![CDATA[]]></tips>
    <fieldtype>0</fieldtype>
    <defaultvalue><![CDATA[]]></defaultvalue>
    <options><![CDATA[]]></options>
    <mustfilltf>0</mustfilltf>
    <showonform>1</showonform>
    <showonuserform>1</showonuserform>
    <showonclubform>0</showonclubform>
    <allowfileext></allowfileext>
    <width>300</width>
    <height>0</height>
    <maxfilesize>1024</maxfilesize>
    <editortype></editortype>
    <showunit>0</showunit>
    <unitoptions><![CDATA[]]></unitoptions>
    <parentfieldname></parentfieldname>
    <maxlength>0</maxlength>
  </fielditem>
  <fielditem id="1099" fieldname="attribute" groupid="11">
    <title>商品属性</title>
    <tips><![CDATA[]]></tips>
    <fieldtype>0</fieldtype>
    <defaultvalue><![CDATA[]]></defaultvalue>
    <options><![CDATA[]]></options>
    <mustfilltf>0</mustfilltf>
    <showonform>1</showonform>
    <showonuserform>1</showonuserform>
    <showonclubform>0</showonclubform>
    <allowfileext></allowfileext>
    <width>300</width>
    <height>0</height>
    <maxfilesize>1024</maxfilesize>
    <editortype></editortype>
    <showunit>0</showunit>
    <unitoptions><![CDATA[]]></unitoptions>
    <parentfieldname></parentfieldname>
    <maxlength>0</maxlength>
  </fielditem>
  <fielditem id="1100" fieldname="photourl" groupid="11">
    <title>列表图片</title>
    <tips><![CDATA[]]></tips>
    <fieldtype>0</fieldtype>
    <defaultvalue><![CDATA[]]></defaultvalue>
    <options><![CDATA[]]></options>
    <mustfilltf>0</mustfilltf>
    <showonform>1</showonform>
    <showonuserform>1</showonuserform>
    <showonclubform>0</showonclubform>
    <allowfileext></allowfileext>
    <width>300</width>
    <height>0</height>
    <maxfilesize>1024</maxfilesize>
    <editortype></editortype>
    <showunit>0</showunit>
    <unitoptions><![CDATA[]]></unitoptions>
    <parentfieldname></parentfieldname>
    <maxlength>0</maxlength>
  </fielditem>
  <fielditem id="1101" fieldname="uploadphoto" groupid="11">
    <title>上传图片</title>
    <tips><![CDATA[]]></tips>
    <fieldtype>0</fieldtype>
    <defaultvalue><![CDATA[]]></defaultvalue>
    <options><![CDATA[]]></options>
    <mustfilltf>0</mustfilltf>
    <showonform>1</showonform>
    <showonuserform>1</showonuserform>
    <showonclubform>0</showonclubform>
    <allowfileext></allowfileext>
    <width>300</width>
    <height>0</height>
    <maxfilesize>1024</maxfilesize>
    <editortype></editortype>
    <showunit>0</showunit>
    <unitoptions><![CDATA[]]></unitoptions>
    <parentfieldname></parentfieldname>
    <maxlength>0</maxlength>
  </fielditem>
  <fielditem id="1102" fieldname="unit" groupid="11">
    <title>商品单位</title>
    <tips><![CDATA[]]></tips>
    <fieldtype>0</fieldtype>
    <defaultvalue><![CDATA[]]></defaultvalue>
    <options><![CDATA[]]></options>
    <mustfilltf>0</mustfilltf>
    <showonform>1</showonform>
    <showonuserform>1</showonuserform>
    <showonclubform>0</showonclubform>
    <allowfileext></allowfileext>
    <width>300</width>
    <height>0</height>
    <maxfilesize>1024</maxfilesize>
    <editortype></editortype>
    <showunit>0</showunit>
    <unitoptions><![CDATA[]]></unitoptions>
    <parentfieldname></parentfieldname>
    <maxlength>0</maxlength>
  </fielditem>
  <fielditem id="1103" fieldname="price" groupid="11">
    <title>商品价格</title>
    <tips><![CDATA[]]></tips>
    <fieldtype>0</fieldtype>
    <defaultvalue><![CDATA[]]></defaultvalue>
    <options><![CDATA[]]></options>
    <mustfilltf>0</mustfilltf>
    <showonform>1</showonform>
    <showonuserform>1</showonuserform>
    <showonclubform>0</showonclubform>
    <allowfileext></allowfileext>
    <width>300</width>
    <height>0</height>
    <maxfilesize>1024</maxfilesize>
    <editortype></editortype>
    <showunit>0</showunit>
    <unitoptions><![CDATA[]]></unitoptions>
    <parentfieldname></parentfieldname>
    <maxlength>0</maxlength>
  </fielditem>
  <fielditem id="1104" fieldname="isdiscount" groupid="11">
    <title>允许折扣</title>
    <tips><![CDATA[]]></tips>
    <fieldtype>0</fieldtype>
    <defaultvalue><![CDATA[]]></defaultvalue>
    <options><![CDATA[]]></options>
    <mustfilltf>0</mustfilltf>
    <showonform>1</showonform>
    <showonuserform>1</showonuserform>
    <showonclubform>0</showonclubform>
    <allowfileext></allowfileext>
    <width>300</width>
    <height>0</height>
    <maxfilesize>1024</maxfilesize>
    <editortype></editortype>
    <showunit>0</showunit>
    <unitoptions><![CDATA[]]></unitoptions>
    <parentfieldname></parentfieldname>
    <maxlength>0</maxlength>
  </fielditem>
  <fielditem id="1105" fieldname="totalnum" groupid="11">
    <title>库存设置</title>
    <tips><![CDATA[]]></tips>
    <fieldtype>0</fieldtype>
    <defaultvalue><![CDATA[]]></defaultvalue>
    <options><![CDATA[]]></options>
    <mustfilltf>0</mustfilltf>
    <showonform>1</showonform>
    <showonuserform>1</showonuserform>
    <showonclubform>0</showonclubform>
    <allowfileext></allowfileext>
    <width>300</width>
    <height>0</height>
    <maxfilesize>1024</maxfilesize>
    <editortype></editortype>
    <showunit>0</showunit>
    <unitoptions><![CDATA[]]></unitoptions>
    <parentfieldname></parentfieldname>
    <maxlength>0</maxlength>
  </fielditem>
  <fielditem id="1106" fieldname="cartpropert" groupid="11">
    <title>购物车属性</title>
    <tips><![CDATA[]]></tips>
    <fieldtype>0</fieldtype>
    <defaultvalue><![CDATA[]]></defaultvalue>
    <options><![CDATA[]]></options>
    <mustfilltf>0</mustfilltf>
    <showonform>1</showonform>
    <showonuserform>1</showonuserform>
    <showonclubform>0</showonclubform>
    <allowfileext></allowfileext>
    <width>300</width>
    <height>0</height>
    <maxfilesize>1024</maxfilesize>
    <editortype></editortype>
    <showunit>0</showunit>
    <unitoptions><![CDATA[]]></unitoptions>
    <parentfieldname></parentfieldname>
    <maxlength>0</maxlength>
  </fielditem>
  <fielditem id="1107" fieldname="downurl" groupid="11">
    <title>下载地址</title>
    <tips><![CDATA[]]></tips>
    <fieldtype>0</fieldtype>
    <defaultvalue><![CDATA[]]></defaultvalue>
    <options><![CDATA[]]></options>
    <mustfilltf>0</mustfilltf>
    <showonform>1</showonform>
    <showonuserform>1</showonuserform>
    <showonclubform>0</showonclubform>
    <allowfileext></allowfileext>
    <width>300</width>
    <height>0</height>
    <maxfilesize>1024</maxfilesize>
    <editortype></editortype>
    <showunit>0</showunit>
    <unitoptions><![CDATA[]]></unitoptions>
    <parentfieldname></parentfieldname>
    <maxlength>0</maxlength>
  </fielditem>
  <fielditem id="1108" fieldname="prointro" groupid="11">
    <title>商品介绍</title>
    <tips><![CDATA[]]></tips>
    <fieldtype>0</fieldtype>
    <defaultvalue><![CDATA[]]></defaultvalue>
    <options><![CDATA[]]></options>
    <mustfilltf>0</mustfilltf>
    <showonform>1</showonform>
    <showonuserform>1</showonuserform>
    <showonclubform>0</showonclubform>
    <allowfileext></allowfileext>
    <width>300</width>
    <height>0</height>
    <maxfilesize>1024</maxfilesize>
    <editortype></editortype>
    <showunit>0</showunit>
    <unitoptions><![CDATA[]]></unitoptions>
    <parentfieldname></parentfieldname>
    <maxlength>0</maxlength>
  </fielditem>
  <fielditem id="1109" fieldname="uploadphotos" groupid="11">
    <title>组图上传</title>
    <tips><![CDATA[]]></tips>
    <fieldtype>0</fieldtype>
    <defaultvalue><![CDATA[]]></defaultvalue>
    <options><![CDATA[]]></options>
    <mustfilltf>0</mustfilltf>
    <showonform>1</showonform>
    <showonuserform>1</showonuserform>
    <showonclubform>0</showonclubform>
    <allowfileext></allowfileext>
    <width>300</width>
    <height>0</height>
    <maxfilesize>1024</maxfilesize>
    <editortype></editortype>
    <showunit>0</showunit>
    <unitoptions><![CDATA[]]></unitoptions>
    <parentfieldname></parentfieldname>
    <maxlength>0</maxlength>
  </fielditem>
  <fielditem id="1110" fieldname="attroption" groupid="11">
    <title>属性选项</title>
    <tips><![CDATA[]]></tips>
    <fieldtype>0</fieldtype>
    <defaultvalue><![CDATA[]]></defaultvalue>
    <options><![CDATA[]]></options>
    <mustfilltf>0</mustfilltf>
    <showonform>1</showonform>
    <showonuserform>1</showonuserform>
    <showonclubform>0</showonclubform>
    <allowfileext></allowfileext>
    <width>300</width>
    <height>0</height>
    <maxfilesize>1024</maxfilesize>
    <editortype></editortype>
    <showunit>0</showunit>
    <unitoptions><![CDATA[]]></unitoptions>
    <parentfieldname></parentfieldname>
    <maxlength>0</maxlength>
  </fielditem>
  <fielditem id="1111" fieldname="seooption" groupid="11">
    <title>SEO优化选项</title>
    <tips><![CDATA[]]></tips>
    <fieldtype>0</fieldtype>
    <defaultvalue><![CDATA[]]></defaultvalue>
    <options><![CDATA[]]></options>
    <mustfilltf>0</mustfilltf>
    <showonform>1</showonform>
    <showonuserform>1</showonuserform>
    <showonclubform>0</showonclubform>
    <allowfileext></allowfileext>
    <width>300</width>
    <height>0</height>
    <maxfilesize>1024</maxfilesize>
    <editortype></editortype>
    <showunit>0</showunit>
    <unitoptions><![CDATA[]]></unitoptions>
    <parentfieldname></parentfieldname>
    <maxlength>0</maxlength>
  </fielditem>
  <fielditem id="1112" fieldname="kboption" groupid="11">
    <title>捆绑销售</title>
    <tips><![CDATA[]]></tips>
    <fieldtype>0</fieldtype>
    <defaultvalue><![CDATA[]]></defaultvalue>
    <options><![CDATA[]]></options>
    <mustfilltf>0</mustfilltf>
    <showonform>1</showonform>
    <showonuserform>1</showonuserform>
    <showonclubform>0</showonclubform>
    <allowfileext></allowfileext>
    <width>300</width>
    <height>0</height>
    <maxfilesize>1024</maxfilesize>
    <editortype></editortype>
    <showunit>0</showunit>
    <unitoptions><![CDATA[]]></unitoptions>
    <parentfieldname></parentfieldname>
    <maxlength>0</maxlength>
  </fielditem>
  <fielditem id="1113" fieldname="pub" groupid="11">
    <title>立即发布</title>
    <tips><![CDATA[]]></tips>
    <fieldtype>0</fieldtype>
    <defaultvalue><![CDATA[]]></defaultvalue>
    <options><![CDATA[]]></options>
    <mustfilltf>0</mustfilltf>
    <showonform>1</showonform>
    <showonuserform>1</showonuserform>
    <showonclubform>0</showonclubform>
    <allowfileext></allowfileext>
    <width>300</width>
    <height>0</height>
    <maxfilesize>1024</maxfilesize>
    <editortype></editortype>
    <showunit>0</showunit>
    <unitoptions><![CDATA[]]></unitoptions>
    <parentfieldname></parentfieldname>
    <maxlength>0</maxlength>
  </fielditem>
  <fielditem id="1114" fieldname="relativeoption" groupid="11">
    <title>相关选项</title>
    <tips><![CDATA[]]></tips>
    <fieldtype>0</fieldtype>
    <defaultvalue><![CDATA[]]></defaultvalue>
    <options><![CDATA[]]></options>
    <mustfilltf>0</mustfilltf>
    <showonform>1</showonform>
    <showonuserform>1</showonuserform>
    <showonclubform>0</showonclubform>
    <allowfileext></allowfileext>
    <width>300</width>
    <height>0</height>
    <maxfilesize>1024</maxfilesize>
    <editortype></editortype>
    <showunit>0</showunit>
    <unitoptions><![CDATA[]]></unitoptions>
    <parentfieldname></parentfieldname>
    <maxlength>0</maxlength>
  </fielditem>
 </field>
