﻿<?xml version="1.0" encoding="utf-8" ?>
 <field>
  <fielditem id="1818" fieldname="otid" groupid="9">
    <title>其它模型分类</title>
    <tips><![CDATA[]]></tips>
    <fieldtype>0</fieldtype>
    <defaultvalue><![CDATA[1]]></defaultvalue>
    <options><![CDATA[]]></options>
    <mustfilltf>0</mustfilltf>
    <showonform>0</showonform>
    <showonuserform>0</showonuserform>
    <showonclubform>0</showonclubform>
    <allowfileext></allowfileext>
    <width>300</width>
    <height>0</height>
    <maxfilesize>0</maxfilesize>
    <editortype></editortype>
    <showunit>0</showunit>
    <unitoptions><![CDATA[]]></unitoptions>
    <parentfieldname></parentfieldname>
    <maxlength>0</maxlength>
  </fielditem>
  <fielditem id="850" fieldname="title" groupid="9">
    <title>软件名称</title>
    <tips><![CDATA[]]></tips>
    <fieldtype>0</fieldtype>
    <defaultvalue><![CDATA[]]></defaultvalue>
    <options><![CDATA[]]></options>
    <mustfilltf>0</mustfilltf>
    <showonform>1</showonform>
    <showonuserform>1</showonuserform>
    <showonclubform>0</showonclubform>
    <allowfileext></allowfileext>
    <width>300</width>
    <height>0</height>
    <maxfilesize>0</maxfilesize>
    <editortype></editortype>
    <showunit>0</showunit>
    <unitoptions><![CDATA[]]></unitoptions>
    <parentfieldname></parentfieldname>
    <maxlength>0</maxlength>
  </fielditem>
  <fielditem id="851" fieldname="tid" groupid="9">
    <title>归属栏目</title>
    <tips><![CDATA[]]></tips>
    <fieldtype>0</fieldtype>
    <defaultvalue><![CDATA[]]></defaultvalue>
    <options><![CDATA[]]></options>
    <mustfilltf>0</mustfilltf>
    <showonform>1</showonform>
    <showonuserform>1</showonuserform>
    <showonclubform>0</showonclubform>
    <allowfileext></allowfileext>
    <width>300</width>
    <height>0</height>
    <maxfilesize>1024</maxfilesize>
    <editortype></editortype>
    <showunit>0</showunit>
    <unitoptions><![CDATA[]]></unitoptions>
    <parentfieldname></parentfieldname>
    <maxlength>0</maxlength>
  </fielditem>
  <fielditem id="852" fieldname="address" groupid="9">
    <title>下载地址</title>
    <tips><![CDATA[]]></tips>
    <fieldtype>0</fieldtype>
    <defaultvalue><![CDATA[]]></defaultvalue>
    <options><![CDATA[]]></options>
    <mustfilltf>0</mustfilltf>
    <showonform>1</showonform>
    <showonuserform>1</showonuserform>
    <showonclubform>0</showonclubform>
    <allowfileext></allowfileext>
    <width>300</width>
    <height>0</height>
    <maxfilesize>1024</maxfilesize>
    <editortype></editortype>
    <showunit>0</showunit>
    <unitoptions><![CDATA[]]></unitoptions>
    <parentfieldname></parentfieldname>
    <maxlength>0</maxlength>
  </fielditem>
  <fielditem id="853" fieldname="version" groupid="9">
    <title>版本号</title>
    <tips><![CDATA[]]></tips>
    <fieldtype>0</fieldtype>
    <defaultvalue><![CDATA[]]></defaultvalue>
    <options><![CDATA[]]></options>
    <mustfilltf>0</mustfilltf>
    <showonform>1</showonform>
    <showonuserform>1</showonuserform>
    <showonclubform>0</showonclubform>
    <allowfileext></allowfileext>
    <width>300</width>
    <height>0</height>
    <maxfilesize>1024</maxfilesize>
    <editortype></editortype>
    <showunit>0</showunit>
    <unitoptions><![CDATA[]]></unitoptions>
    <parentfieldname></parentfieldname>
    <maxlength>0</maxlength>
  </fielditem>
  <fielditem id="854" fieldname="attribute" groupid="9">
    <title>软件属性</title>
    <tips><![CDATA[]]></tips>
    <fieldtype>0</fieldtype>
    <defaultvalue><![CDATA[]]></defaultvalue>
    <options><![CDATA[]]></options>
    <mustfilltf>0</mustfilltf>
    <showonform>1</showonform>
    <showonuserform>1</showonuserform>
    <showonclubform>0</showonclubform>
    <allowfileext></allowfileext>
    <width>300</width>
    <height>0</height>
    <maxfilesize>1024</maxfilesize>
    <editortype></editortype>
    <showunit>0</showunit>
    <unitoptions><![CDATA[]]></unitoptions>
    <parentfieldname></parentfieldname>
    <maxlength>0</maxlength>
  </fielditem>
  <fielditem id="855" fieldname="nature" groupid="9">
    <title>软件性质</title>
    <tips><![CDATA[]]></tips>
    <fieldtype>0</fieldtype>
    <defaultvalue><![CDATA[]]></defaultvalue>
    <options><![CDATA[]]></options>
    <mustfilltf>0</mustfilltf>
    <showonform>1</showonform>
    <showonuserform>1</showonuserform>
    <showonclubform>0</showonclubform>
    <allowfileext></allowfileext>
    <width>300</width>
    <height>0</height>
    <maxfilesize>1024</maxfilesize>
    <editortype></editortype>
    <showunit>0</showunit>
    <unitoptions><![CDATA[]]></unitoptions>
    <parentfieldname></parentfieldname>
    <maxlength>0</maxlength>
  </fielditem>
  <fielditem id="856" fieldname="platform" groupid="9">
    <title>系统平台</title>
    <tips><![CDATA[]]></tips>
    <fieldtype>0</fieldtype>
    <defaultvalue><![CDATA[]]></defaultvalue>
    <options><![CDATA[]]></options>
    <mustfilltf>0</mustfilltf>
    <showonform>1</showonform>
    <showonuserform>1</showonuserform>
    <showonclubform>0</showonclubform>
    <allowfileext></allowfileext>
    <width>300</width>
    <height>0</height>
    <maxfilesize>1024</maxfilesize>
    <editortype></editortype>
    <showunit>0</showunit>
    <unitoptions><![CDATA[]]></unitoptions>
    <parentfieldname></parentfieldname>
    <maxlength>0</maxlength>
  </fielditem>
  <fielditem id="857" fieldname="photourl" groupid="9">
    <title>软件图片</title>
    <tips><![CDATA[]]></tips>
    <fieldtype>0</fieldtype>
    <defaultvalue><![CDATA[]]></defaultvalue>
    <options><![CDATA[]]></options>
    <mustfilltf>0</mustfilltf>
    <showonform>1</showonform>
    <showonuserform>1</showonuserform>
    <showonclubform>0</showonclubform>
    <allowfileext></allowfileext>
    <width>300</width>
    <height>0</height>
    <maxfilesize>1024</maxfilesize>
    <editortype></editortype>
    <showunit>0</showunit>
    <unitoptions><![CDATA[]]></unitoptions>
    <parentfieldname></parentfieldname>
    <maxlength>0</maxlength>
  </fielditem>
  <fielditem id="858" fieldname="uploadphoto" groupid="9">
    <title>上传图片</title>
    <tips><![CDATA[]]></tips>
    <fieldtype>0</fieldtype>
    <defaultvalue><![CDATA[]]></defaultvalue>
    <options><![CDATA[]]></options>
    <mustfilltf>0</mustfilltf>
    <showonform>1</showonform>
    <showonuserform>1</showonuserform>
    <showonclubform>0</showonclubform>
    <allowfileext></allowfileext>
    <width>300</width>
    <height>0</height>
    <maxfilesize>1024</maxfilesize>
    <editortype></editortype>
    <showunit>0</showunit>
    <unitoptions><![CDATA[]]></unitoptions>
    <parentfieldname></parentfieldname>
    <maxlength>0</maxlength>
  </fielditem>
  <fielditem id="859" fieldname="keywords" groupid="9">
    <title>关 键 字</title>
    <tips><![CDATA[]]></tips>
    <fieldtype>0</fieldtype>
    <defaultvalue><![CDATA[]]></defaultvalue>
    <options><![CDATA[]]></options>
    <mustfilltf>0</mustfilltf>
    <showonform>1</showonform>
    <showonuserform>1</showonuserform>
    <showonclubform>0</showonclubform>
    <allowfileext></allowfileext>
    <width>300</width>
    <height>0</height>
    <maxfilesize>1024</maxfilesize>
    <editortype></editortype>
    <showunit>0</showunit>
    <unitoptions><![CDATA[]]></unitoptions>
    <parentfieldname></parentfieldname>
    <maxlength>0</maxlength>
  </fielditem>
  <fielditem id="860" fieldname="author" groupid="9">
    <title>作者开发商</title>
    <tips><![CDATA[]]></tips>
    <fieldtype>0</fieldtype>
    <defaultvalue><![CDATA[]]></defaultvalue>
    <options><![CDATA[]]></options>
    <mustfilltf>0</mustfilltf>
    <showonform>1</showonform>
    <showonuserform>1</showonuserform>
    <showonclubform>0</showonclubform>
    <allowfileext></allowfileext>
    <width>300</width>
    <height>0</height>
    <maxfilesize>1024</maxfilesize>
    <editortype></editortype>
    <showunit>0</showunit>
    <unitoptions><![CDATA[]]></unitoptions>
    <parentfieldname></parentfieldname>
    <maxlength>0</maxlength>
  </fielditem>
  <fielditem id="861" fieldname="origin" groupid="9">
    <title>软件来源</title>
    <tips><![CDATA[]]></tips>
    <fieldtype>0</fieldtype>
    <defaultvalue><![CDATA[]]></defaultvalue>
    <options><![CDATA[]]></options>
    <mustfilltf>0</mustfilltf>
    <showonform>1</showonform>
    <showonuserform>1</showonuserform>
    <showonclubform>0</showonclubform>
    <allowfileext></allowfileext>
    <width>300</width>
    <height>0</height>
    <maxfilesize>1024</maxfilesize>
    <editortype></editortype>
    <showunit>0</showunit>
    <unitoptions><![CDATA[]]></unitoptions>
    <parentfieldname></parentfieldname>
    <maxlength>0</maxlength>
  </fielditem>
  <fielditem id="862" fieldname="uploadsoft" groupid="9">
    <title>上传软件</title>
    <tips><![CDATA[]]></tips>
    <fieldtype>0</fieldtype>
    <defaultvalue><![CDATA[]]></defaultvalue>
    <options><![CDATA[]]></options>
    <mustfilltf>0</mustfilltf>
    <showonform>1</showonform>
    <showonuserform>1</showonuserform>
    <showonclubform>0</showonclubform>
    <allowfileext></allowfileext>
    <width>300</width>
    <height>0</height>
    <maxfilesize>1024</maxfilesize>
    <editortype></editortype>
    <showunit>0</showunit>
    <unitoptions><![CDATA[]]></unitoptions>
    <parentfieldname></parentfieldname>
    <maxlength>0</maxlength>
  </fielditem>
  <fielditem id="863" fieldname="content" groupid="9">
    <title>软件介绍</title>
    <tips><![CDATA[]]></tips>
    <fieldtype>0</fieldtype>
    <defaultvalue><![CDATA[]]></defaultvalue>
    <options><![CDATA[]]></options>
    <mustfilltf>0</mustfilltf>
    <showonform>1</showonform>
    <showonuserform>1</showonuserform>
    <showonclubform>0</showonclubform>
    <allowfileext></allowfileext>
    <width>300</width>
    <height>0</height>
    <maxfilesize>1024</maxfilesize>
    <editortype></editortype>
    <showunit>0</showunit>
    <unitoptions><![CDATA[]]></unitoptions>
    <parentfieldname></parentfieldname>
    <maxlength>0</maxlength>
  </fielditem>
  <fielditem id="864" fieldname="ysdz" groupid="9">
    <title>演示地址</title>
    <tips><![CDATA[]]></tips>
    <fieldtype>0</fieldtype>
    <defaultvalue><![CDATA[]]></defaultvalue>
    <options><![CDATA[]]></options>
    <mustfilltf>0</mustfilltf>
    <showonform>1</showonform>
    <showonuserform>1</showonuserform>
    <showonclubform>0</showonclubform>
    <allowfileext></allowfileext>
    <width>300</width>
    <height>0</height>
    <maxfilesize>1024</maxfilesize>
    <editortype></editortype>
    <showunit>0</showunit>
    <unitoptions><![CDATA[]]></unitoptions>
    <parentfieldname></parentfieldname>
    <maxlength>0</maxlength>
  </fielditem>
  <fielditem id="865" fieldname="zcdz" groupid="9">
    <title>注册地址</title>
    <tips><![CDATA[]]></tips>
    <fieldtype>0</fieldtype>
    <defaultvalue><![CDATA[]]></defaultvalue>
    <options><![CDATA[]]></options>
    <mustfilltf>0</mustfilltf>
    <showonform>1</showonform>
    <showonuserform>1</showonuserform>
    <showonclubform>0</showonclubform>
    <allowfileext></allowfileext>
    <width>300</width>
    <height>0</height>
    <maxfilesize>1024</maxfilesize>
    <editortype></editortype>
    <showunit>0</showunit>
    <unitoptions><![CDATA[]]></unitoptions>
    <parentfieldname></parentfieldname>
    <maxlength>0</maxlength>
  </fielditem>
  <fielditem id="866" fieldname="jymm" groupid="9">
    <title>解压密码</title>
    <tips><![CDATA[]]></tips>
    <fieldtype>0</fieldtype>
    <defaultvalue><![CDATA[]]></defaultvalue>
    <options><![CDATA[]]></options>
    <mustfilltf>0</mustfilltf>
    <showonform>1</showonform>
    <showonuserform>1</showonuserform>
    <showonclubform>0</showonclubform>
    <allowfileext></allowfileext>
    <width>300</width>
    <height>0</height>
    <maxfilesize>1024</maxfilesize>
    <editortype></editortype>
    <showunit>0</showunit>
    <unitoptions><![CDATA[]]></unitoptions>
    <parentfieldname></parentfieldname>
    <maxlength>0</maxlength>
  </fielditem>
  <fielditem id="867" fieldname="adddate" groupid="9">
    <title>添加日期</title>
    <tips><![CDATA[]]></tips>
    <fieldtype>0</fieldtype>
    <defaultvalue><![CDATA[]]></defaultvalue>
    <options><![CDATA[]]></options>
    <mustfilltf>0</mustfilltf>
    <showonform>1</showonform>
    <showonuserform>1</showonuserform>
    <showonclubform>0</showonclubform>
    <allowfileext></allowfileext>
    <width>300</width>
    <height>0</height>
    <maxfilesize>1024</maxfilesize>
    <editortype></editortype>
    <showunit>0</showunit>
    <unitoptions><![CDATA[]]></unitoptions>
    <parentfieldname></parentfieldname>
    <maxlength>0</maxlength>
  </fielditem>
  <fielditem id="868" fieldname="rank" groupid="9">
    <title>软件等级</title>
    <tips><![CDATA[]]></tips>
    <fieldtype>0</fieldtype>
    <defaultvalue><![CDATA[]]></defaultvalue>
    <options><![CDATA[]]></options>
    <mustfilltf>0</mustfilltf>
    <showonform>1</showonform>
    <showonuserform>1</showonuserform>
    <showonclubform>0</showonclubform>
    <allowfileext></allowfileext>
    <width>300</width>
    <height>0</height>
    <maxfilesize>1024</maxfilesize>
    <editortype></editortype>
    <showunit>0</showunit>
    <unitoptions><![CDATA[]]></unitoptions>
    <parentfieldname></parentfieldname>
    <maxlength>0</maxlength>
  </fielditem>
  <fielditem id="869" fieldname="hits" groupid="9">
    <title>浏 览 数</title>
    <tips><![CDATA[]]></tips>
    <fieldtype>0</fieldtype>
    <defaultvalue><![CDATA[]]></defaultvalue>
    <options><![CDATA[]]></options>
    <mustfilltf>0</mustfilltf>
    <showonform>1</showonform>
    <showonuserform>1</showonuserform>
    <showonclubform>0</showonclubform>
    <allowfileext></allowfileext>
    <width>300</width>
    <height>0</height>
    <maxfilesize>1024</maxfilesize>
    <editortype></editortype>
    <showunit>0</showunit>
    <unitoptions><![CDATA[]]></unitoptions>
    <parentfieldname></parentfieldname>
    <maxlength>0</maxlength>
  </fielditem>
  <fielditem id="870" fieldname="template" groupid="9">
    <title>模板选择</title>
    <tips><![CDATA[]]></tips>
    <fieldtype>0</fieldtype>
    <defaultvalue><![CDATA[]]></defaultvalue>
    <options><![CDATA[]]></options>
    <mustfilltf>0</mustfilltf>
    <showonform>1</showonform>
    <showonuserform>1</showonuserform>
    <showonclubform>0</showonclubform>
    <allowfileext></allowfileext>
    <width>300</width>
    <height>0</height>
    <maxfilesize>1024</maxfilesize>
    <editortype></editortype>
    <showunit>0</showunit>
    <unitoptions><![CDATA[]]></unitoptions>
    <parentfieldname></parentfieldname>
    <maxlength>0</maxlength>
  </fielditem>
  <fielditem id="871" fieldname="fname" groupid="9">
    <title>文 件 名</title>
    <tips><![CDATA[]]></tips>
    <fieldtype>0</fieldtype>
    <defaultvalue><![CDATA[]]></defaultvalue>
    <options><![CDATA[]]></options>
    <mustfilltf>0</mustfilltf>
    <showonform>1</showonform>
    <showonuserform>1</showonuserform>
    <showonclubform>0</showonclubform>
    <allowfileext></allowfileext>
    <width>300</width>
    <height>0</height>
    <maxfilesize>1024</maxfilesize>
    <editortype></editortype>
    <showunit>0</showunit>
    <unitoptions><![CDATA[]]></unitoptions>
    <parentfieldname></parentfieldname>
    <maxlength>0</maxlength>
  </fielditem>
  <fielditem id="872" fieldname="special" groupid="9">
    <title>所属专题</title>
    <tips><![CDATA[]]></tips>
    <fieldtype>0</fieldtype>
    <defaultvalue><![CDATA[]]></defaultvalue>
    <options><![CDATA[]]></options>
    <mustfilltf>0</mustfilltf>
    <showonform>1</showonform>
    <showonuserform>1</showonuserform>
    <showonclubform>0</showonclubform>
    <allowfileext></allowfileext>
    <width>300</width>
    <height>0</height>
    <maxfilesize>1024</maxfilesize>
    <editortype></editortype>
    <showunit>0</showunit>
    <unitoptions><![CDATA[]]></unitoptions>
    <parentfieldname></parentfieldname>
    <maxlength>0</maxlength>
  </fielditem>
  <fielditem id="873" fieldname="attroption" groupid="9">
    <title>属性选项</title>
    <tips><![CDATA[]]></tips>
    <fieldtype>0</fieldtype>
    <defaultvalue><![CDATA[]]></defaultvalue>
    <options><![CDATA[]]></options>
    <mustfilltf>0</mustfilltf>
    <showonform>1</showonform>
    <showonuserform>1</showonuserform>
    <showonclubform>0</showonclubform>
    <allowfileext></allowfileext>
    <width>300</width>
    <height>0</height>
    <maxfilesize>1024</maxfilesize>
    <editortype></editortype>
    <showunit>0</showunit>
    <unitoptions><![CDATA[]]></unitoptions>
    <parentfieldname></parentfieldname>
    <maxlength>0</maxlength>
  </fielditem>
  <fielditem id="874" fieldname="seooption" groupid="9">
    <title>SEO优化选项</title>
    <tips><![CDATA[]]></tips>
    <fieldtype>0</fieldtype>
    <defaultvalue><![CDATA[]]></defaultvalue>
    <options><![CDATA[]]></options>
    <mustfilltf>0</mustfilltf>
    <showonform>1</showonform>
    <showonuserform>1</showonuserform>
    <showonclubform>0</showonclubform>
    <allowfileext></allowfileext>
    <width>300</width>
    <height>0</height>
    <maxfilesize>1024</maxfilesize>
    <editortype></editortype>
    <showunit>0</showunit>
    <unitoptions><![CDATA[]]></unitoptions>
    <parentfieldname></parentfieldname>
    <maxlength>0</maxlength>
  </fielditem>
  <fielditem id="875" fieldname="chargeoption" groupid="9">
    <title>收费选项</title>
    <tips><![CDATA[]]></tips>
    <fieldtype>0</fieldtype>
    <defaultvalue><![CDATA[]]></defaultvalue>
    <options><![CDATA[]]></options>
    <mustfilltf>0</mustfilltf>
    <showonform>1</showonform>
    <showonuserform>1</showonuserform>
    <showonclubform>0</showonclubform>
    <allowfileext></allowfileext>
    <width>300</width>
    <height>0</height>
    <maxfilesize>1024</maxfilesize>
    <editortype></editortype>
    <showunit>0</showunit>
    <unitoptions><![CDATA[]]></unitoptions>
    <parentfieldname></parentfieldname>
    <maxlength>0</maxlength>
  </fielditem>
  <fielditem id="876" fieldname="pub" groupid="9">
    <title>立即发布</title>
    <tips><![CDATA[]]></tips>
    <fieldtype>0</fieldtype>
    <defaultvalue><![CDATA[]]></defaultvalue>
    <options><![CDATA[]]></options>
    <mustfilltf>0</mustfilltf>
    <showonform>1</showonform>
    <showonuserform>1</showonuserform>
    <showonclubform>0</showonclubform>
    <allowfileext></allowfileext>
    <width>300</width>
    <height>0</height>
    <maxfilesize>1024</maxfilesize>
    <editortype></editortype>
    <showunit>0</showunit>
    <unitoptions><![CDATA[]]></unitoptions>
    <parentfieldname></parentfieldname>
    <maxlength>0</maxlength>
  </fielditem>
  <fielditem id="877" fieldname="relativeoption" groupid="9">
    <title>相关选项</title>
    <tips><![CDATA[]]></tips>
    <fieldtype>0</fieldtype>
    <defaultvalue><![CDATA[]]></defaultvalue>
    <options><![CDATA[]]></options>
    <mustfilltf>0</mustfilltf>
    <showonform>1</showonform>
    <showonuserform>1</showonuserform>
    <showonclubform>0</showonclubform>
    <allowfileext></allowfileext>
    <width>300</width>
    <height>0</height>
    <maxfilesize>1024</maxfilesize>
    <editortype></editortype>
    <showunit>0</showunit>
    <unitoptions><![CDATA[]]></unitoptions>
    <parentfieldname></parentfieldname>
    <maxlength>0</maxlength>
  </fielditem>
 </field>
