﻿<?xml version="1.0" encoding="utf-8" ?>
 <field>
  <fielditem id="1817" fieldname="otid" groupid="8">
    <title>所属其它模型分类</title>
    <tips><![CDATA[]]></tips>
    <fieldtype>0</fieldtype>
    <defaultvalue><![CDATA[1]]></defaultvalue>
    <options><![CDATA[]]></options>
    <mustfilltf>0</mustfilltf>
    <showonform>0</showonform>
    <showonuserform>0</showonuserform>
    <showonclubform>0</showonclubform>
    <allowfileext></allowfileext>
    <width>300</width>
    <height>0</height>
    <maxfilesize>0</maxfilesize>
    <editortype></editortype>
    <showunit>0</showunit>
    <unitoptions><![CDATA[]]></unitoptions>
    <parentfieldname></parentfieldname>
    <maxlength>0</maxlength>
  </fielditem>
  <fielditem id="1832" fieldname="area" groupid="8">
    <title>选择地区</title>
    <tips><![CDATA[]]></tips>
    <fieldtype>0</fieldtype>
    <defaultvalue><![CDATA[]]></defaultvalue>
    <options><![CDATA[]]></options>
    <mustfilltf>0</mustfilltf>
    <showonform>1</showonform>
    <showonuserform>1</showonuserform>
    <showonclubform>0</showonclubform>
    <allowfileext></allowfileext>
    <width>100</width>
    <height>0</height>
    <maxfilesize>0</maxfilesize>
    <editortype></editortype>
    <showunit>0</showunit>
    <unitoptions><![CDATA[]]></unitoptions>
    <parentfieldname></parentfieldname>
    <maxlength>0</maxlength>
  </fielditem>
  <fielditem id="920" fieldname="title" groupid="8">
    <title>图片名称</title>
    <tips><![CDATA[]]></tips>
    <fieldtype>0</fieldtype>
    <defaultvalue><![CDATA[]]></defaultvalue>
    <options><![CDATA[]]></options>
    <mustfilltf>0</mustfilltf>
    <showonform>1</showonform>
    <showonuserform>1</showonuserform>
    <showonclubform>0</showonclubform>
    <allowfileext></allowfileext>
    <width>300</width>
    <height>0</height>
    <maxfilesize>0</maxfilesize>
    <editortype></editortype>
    <showunit>0</showunit>
    <unitoptions><![CDATA[]]></unitoptions>
    <parentfieldname></parentfieldname>
    <maxlength>0</maxlength>
  </fielditem>
  <fielditem id="921" fieldname="tid" groupid="8">
    <title>归属栏目</title>
    <tips><![CDATA[]]></tips>
    <fieldtype>0</fieldtype>
    <defaultvalue><![CDATA[]]></defaultvalue>
    <options><![CDATA[]]></options>
    <mustfilltf>0</mustfilltf>
    <showonform>1</showonform>
    <showonuserform>1</showonuserform>
    <showonclubform>0</showonclubform>
    <allowfileext></allowfileext>
    <width>300</width>
    <height>0</height>
    <maxfilesize>1024</maxfilesize>
    <editortype></editortype>
    <showunit>0</showunit>
    <unitoptions><![CDATA[]]></unitoptions>
    <parentfieldname></parentfieldname>
    <maxlength>0</maxlength>
  </fielditem>
  <fielditem id="922" fieldname="map" groupid="8">
    <title>地图标注</title>
    <tips><![CDATA[]]></tips>
    <fieldtype>0</fieldtype>
    <defaultvalue><![CDATA[]]></defaultvalue>
    <options><![CDATA[]]></options>
    <mustfilltf>0</mustfilltf>
    <showonform>1</showonform>
    <showonuserform>1</showonuserform>
    <showonclubform>0</showonclubform>
    <allowfileext></allowfileext>
    <width>300</width>
    <height>0</height>
    <maxfilesize>1024</maxfilesize>
    <editortype></editortype>
    <showunit>0</showunit>
    <unitoptions><![CDATA[]]></unitoptions>
    <parentfieldname></parentfieldname>
    <maxlength>0</maxlength>
  </fielditem>
  <fielditem id="923" fieldname="attribute" groupid="8">
    <title>图片属性</title>
    <tips><![CDATA[]]></tips>
    <fieldtype>0</fieldtype>
    <defaultvalue><![CDATA[]]></defaultvalue>
    <options><![CDATA[]]></options>
    <mustfilltf>0</mustfilltf>
    <showonform>1</showonform>
    <showonuserform>1</showonuserform>
    <showonclubform>0</showonclubform>
    <allowfileext></allowfileext>
    <width>300</width>
    <height>0</height>
    <maxfilesize>1024</maxfilesize>
    <editortype></editortype>
    <showunit>0</showunit>
    <unitoptions><![CDATA[]]></unitoptions>
    <parentfieldname></parentfieldname>
    <maxlength>0</maxlength>
  </fielditem>
  <fielditem id="924" fieldname="keywords" groupid="8">
    <title>关 键 字</title>
    <tips><![CDATA[]]></tips>
    <fieldtype>0</fieldtype>
    <defaultvalue><![CDATA[]]></defaultvalue>
    <options><![CDATA[]]></options>
    <mustfilltf>0</mustfilltf>
    <showonform>1</showonform>
    <showonuserform>1</showonuserform>
    <showonclubform>0</showonclubform>
    <allowfileext></allowfileext>
    <width>300</width>
    <height>0</height>
    <maxfilesize>1024</maxfilesize>
    <editortype></editortype>
    <showunit>0</showunit>
    <unitoptions><![CDATA[]]></unitoptions>
    <parentfieldname></parentfieldname>
    <maxlength>0</maxlength>
  </fielditem>
  <fielditem id="925" fieldname="author" groupid="8">
    <title>图片作者</title>
    <tips><![CDATA[]]></tips>
    <fieldtype>0</fieldtype>
    <defaultvalue><![CDATA[]]></defaultvalue>
    <options><![CDATA[]]></options>
    <mustfilltf>0</mustfilltf>
    <showonform>1</showonform>
    <showonuserform>1</showonuserform>
    <showonclubform>0</showonclubform>
    <allowfileext></allowfileext>
    <width>300</width>
    <height>0</height>
    <maxfilesize>0</maxfilesize>
    <editortype></editortype>
    <showunit>0</showunit>
    <unitoptions><![CDATA[]]></unitoptions>
    <parentfieldname></parentfieldname>
    <maxlength>0</maxlength>
  </fielditem>
  <fielditem id="926" fieldname="origin" groupid="8">
    <title>图片来源</title>
    <tips><![CDATA[]]></tips>
    <fieldtype>0</fieldtype>
    <defaultvalue><![CDATA[]]></defaultvalue>
    <options><![CDATA[]]></options>
    <mustfilltf>0</mustfilltf>
    <showonform>1</showonform>
    <showonuserform>1</showonuserform>
    <showonclubform>0</showonclubform>
    <allowfileext></allowfileext>
    <width>300</width>
    <height>0</height>
    <maxfilesize>1024</maxfilesize>
    <editortype></editortype>
    <showunit>0</showunit>
    <unitoptions><![CDATA[]]></unitoptions>
    <parentfieldname></parentfieldname>
    <maxlength>0</maxlength>
  </fielditem>
  <fielditem id="927" fieldname="photourl" groupid="8">
    <title>缩 略 图</title>
    <tips><![CDATA[]]></tips>
    <fieldtype>0</fieldtype>
    <defaultvalue><![CDATA[]]></defaultvalue>
    <options><![CDATA[]]></options>
    <mustfilltf>0</mustfilltf>
    <showonform>1</showonform>
    <showonuserform>1</showonuserform>
    <showonclubform>0</showonclubform>
    <allowfileext></allowfileext>
    <width>300</width>
    <height>0</height>
    <maxfilesize>1024</maxfilesize>
    <editortype></editortype>
    <showunit>0</showunit>
    <unitoptions><![CDATA[]]></unitoptions>
    <parentfieldname></parentfieldname>
    <maxlength>0</maxlength>
  </fielditem>
  <fielditem id="928" fieldname="content" groupid="8">
    <title>图片内容</title>
    <tips><![CDATA[]]></tips>
    <fieldtype>0</fieldtype>
    <defaultvalue><![CDATA[]]></defaultvalue>
    <options><![CDATA[]]></options>
    <mustfilltf>0</mustfilltf>
    <showonform>1</showonform>
    <showonuserform>1</showonuserform>
    <showonclubform>0</showonclubform>
    <allowfileext></allowfileext>
    <width>300</width>
    <height>0</height>
    <maxfilesize>1024</maxfilesize>
    <editortype></editortype>
    <showunit>0</showunit>
    <unitoptions><![CDATA[]]></unitoptions>
    <parentfieldname></parentfieldname>
    <maxlength>0</maxlength>
  </fielditem>
  <fielditem id="929" fieldname="picturecontent" groupid="8">
    <title>图片介绍</title>
    <tips><![CDATA[]]></tips>
    <fieldtype>0</fieldtype>
    <defaultvalue><![CDATA[]]></defaultvalue>
    <options><![CDATA[]]></options>
    <mustfilltf>0</mustfilltf>
    <showonform>1</showonform>
    <showonuserform>1</showonuserform>
    <showonclubform>0</showonclubform>
    <allowfileext></allowfileext>
    <width>300</width>
    <height>0</height>
    <maxfilesize>1024</maxfilesize>
    <editortype></editortype>
    <showunit>0</showunit>
    <unitoptions><![CDATA[]]></unitoptions>
    <parentfieldname></parentfieldname>
    <maxlength>0</maxlength>
  </fielditem>
  <fielditem id="930" fieldname="adddate" groupid="8">
    <title>添加日期</title>
    <tips><![CDATA[]]></tips>
    <fieldtype>0</fieldtype>
    <defaultvalue><![CDATA[]]></defaultvalue>
    <options><![CDATA[]]></options>
    <mustfilltf>0</mustfilltf>
    <showonform>1</showonform>
    <showonuserform>1</showonuserform>
    <showonclubform>0</showonclubform>
    <allowfileext></allowfileext>
    <width>300</width>
    <height>0</height>
    <maxfilesize>1024</maxfilesize>
    <editortype></editortype>
    <showunit>0</showunit>
    <unitoptions><![CDATA[]]></unitoptions>
    <parentfieldname></parentfieldname>
    <maxlength>0</maxlength>
  </fielditem>
  <fielditem id="931" fieldname="rank" groupid="8">
    <title>图片等级</title>
    <tips><![CDATA[]]></tips>
    <fieldtype>0</fieldtype>
    <defaultvalue><![CDATA[]]></defaultvalue>
    <options><![CDATA[]]></options>
    <mustfilltf>0</mustfilltf>
    <showonform>1</showonform>
    <showonuserform>1</showonuserform>
    <showonclubform>0</showonclubform>
    <allowfileext></allowfileext>
    <width>300</width>
    <height>0</height>
    <maxfilesize>1024</maxfilesize>
    <editortype></editortype>
    <showunit>0</showunit>
    <unitoptions><![CDATA[]]></unitoptions>
    <parentfieldname></parentfieldname>
    <maxlength>0</maxlength>
  </fielditem>
  <fielditem id="932" fieldname="hits" groupid="8">
    <title>浏 览 数</title>
    <tips><![CDATA[]]></tips>
    <fieldtype>0</fieldtype>
    <defaultvalue><![CDATA[]]></defaultvalue>
    <options><![CDATA[]]></options>
    <mustfilltf>0</mustfilltf>
    <showonform>1</showonform>
    <showonuserform>1</showonuserform>
    <showonclubform>0</showonclubform>
    <allowfileext></allowfileext>
    <width>300</width>
    <height>0</height>
    <maxfilesize>1024</maxfilesize>
    <editortype></editortype>
    <showunit>0</showunit>
    <unitoptions><![CDATA[]]></unitoptions>
    <parentfieldname></parentfieldname>
    <maxlength>0</maxlength>
  </fielditem>
  <fielditem id="933" fieldname="template" groupid="8">
    <title>模板选择</title>
    <tips><![CDATA[]]></tips>
    <fieldtype>0</fieldtype>
    <defaultvalue><![CDATA[]]></defaultvalue>
    <options><![CDATA[]]></options>
    <mustfilltf>0</mustfilltf>
    <showonform>1</showonform>
    <showonuserform>1</showonuserform>
    <showonclubform>0</showonclubform>
    <allowfileext></allowfileext>
    <width>300</width>
    <height>0</height>
    <maxfilesize>1024</maxfilesize>
    <editortype></editortype>
    <showunit>0</showunit>
    <unitoptions><![CDATA[]]></unitoptions>
    <parentfieldname></parentfieldname>
    <maxlength>0</maxlength>
  </fielditem>
  <fielditem id="934" fieldname="fname" groupid="8">
    <title>文 件 名</title>
    <tips><![CDATA[]]></tips>
    <fieldtype>0</fieldtype>
    <defaultvalue><![CDATA[]]></defaultvalue>
    <options><![CDATA[]]></options>
    <mustfilltf>0</mustfilltf>
    <showonform>1</showonform>
    <showonuserform>1</showonuserform>
    <showonclubform>0</showonclubform>
    <allowfileext></allowfileext>
    <width>300</width>
    <height>0</height>
    <maxfilesize>1024</maxfilesize>
    <editortype></editortype>
    <showunit>0</showunit>
    <unitoptions><![CDATA[]]></unitoptions>
    <parentfieldname></parentfieldname>
    <maxlength>0</maxlength>
  </fielditem>
  <fielditem id="935" fieldname="special" groupid="8">
    <title>归属专题</title>
    <tips><![CDATA[]]></tips>
    <fieldtype>0</fieldtype>
    <defaultvalue><![CDATA[]]></defaultvalue>
    <options><![CDATA[]]></options>
    <mustfilltf>0</mustfilltf>
    <showonform>1</showonform>
    <showonuserform>1</showonuserform>
    <showonclubform>0</showonclubform>
    <allowfileext></allowfileext>
    <width>300</width>
    <height>0</height>
    <maxfilesize>1024</maxfilesize>
    <editortype></editortype>
    <showunit>0</showunit>
    <unitoptions><![CDATA[]]></unitoptions>
    <parentfieldname></parentfieldname>
    <maxlength>0</maxlength>
  </fielditem>
  <fielditem id="936" fieldname="attroption" groupid="8">
    <title>属性选项</title>
    <tips><![CDATA[]]></tips>
    <fieldtype>0</fieldtype>
    <defaultvalue><![CDATA[]]></defaultvalue>
    <options><![CDATA[]]></options>
    <mustfilltf>0</mustfilltf>
    <showonform>1</showonform>
    <showonuserform>1</showonuserform>
    <showonclubform>0</showonclubform>
    <allowfileext></allowfileext>
    <width>300</width>
    <height>0</height>
    <maxfilesize>1024</maxfilesize>
    <editortype></editortype>
    <showunit>0</showunit>
    <unitoptions><![CDATA[]]></unitoptions>
    <parentfieldname></parentfieldname>
    <maxlength>0</maxlength>
  </fielditem>
  <fielditem id="937" fieldname="seooption" groupid="8">
    <title>SEO优化选项</title>
    <tips><![CDATA[]]></tips>
    <fieldtype>0</fieldtype>
    <defaultvalue><![CDATA[]]></defaultvalue>
    <options><![CDATA[]]></options>
    <mustfilltf>0</mustfilltf>
    <showonform>1</showonform>
    <showonuserform>1</showonuserform>
    <showonclubform>0</showonclubform>
    <allowfileext></allowfileext>
    <width>300</width>
    <height>0</height>
    <maxfilesize>1024</maxfilesize>
    <editortype></editortype>
    <showunit>0</showunit>
    <unitoptions><![CDATA[]]></unitoptions>
    <parentfieldname></parentfieldname>
    <maxlength>0</maxlength>
  </fielditem>
  <fielditem id="938" fieldname="chargeoption" groupid="8">
    <title>收费选项</title>
    <tips><![CDATA[]]></tips>
    <fieldtype>0</fieldtype>
    <defaultvalue><![CDATA[]]></defaultvalue>
    <options><![CDATA[]]></options>
    <mustfilltf>0</mustfilltf>
    <showonform>1</showonform>
    <showonuserform>1</showonuserform>
    <showonclubform>0</showonclubform>
    <allowfileext></allowfileext>
    <width>300</width>
    <height>0</height>
    <maxfilesize>1024</maxfilesize>
    <editortype></editortype>
    <showunit>0</showunit>
    <unitoptions><![CDATA[]]></unitoptions>
    <parentfieldname></parentfieldname>
    <maxlength>0</maxlength>
  </fielditem>
  <fielditem id="939" fieldname="pub" groupid="8">
    <title>立即发布</title>
    <tips><![CDATA[]]></tips>
    <fieldtype>0</fieldtype>
    <defaultvalue><![CDATA[]]></defaultvalue>
    <options><![CDATA[]]></options>
    <mustfilltf>0</mustfilltf>
    <showonform>1</showonform>
    <showonuserform>1</showonuserform>
    <showonclubform>0</showonclubform>
    <allowfileext></allowfileext>
    <width>300</width>
    <height>0</height>
    <maxfilesize>1024</maxfilesize>
    <editortype></editortype>
    <showunit>0</showunit>
    <unitoptions><![CDATA[]]></unitoptions>
    <parentfieldname></parentfieldname>
    <maxlength>0</maxlength>
  </fielditem>
  <fielditem id="940" fieldname="relativeoption" groupid="8">
    <title>相关选项</title>
    <tips><![CDATA[]]></tips>
    <fieldtype>0</fieldtype>
    <defaultvalue><![CDATA[]]></defaultvalue>
    <options><![CDATA[]]></options>
    <mustfilltf>0</mustfilltf>
    <showonform>1</showonform>
    <showonuserform>1</showonuserform>
    <showonclubform>0</showonclubform>
    <allowfileext></allowfileext>
    <width>300</width>
    <height>0</height>
    <maxfilesize>1024</maxfilesize>
    <editortype></editortype>
    <showunit>0</showunit>
    <unitoptions><![CDATA[]]></unitoptions>
    <parentfieldname></parentfieldname>
    <maxlength>0</maxlength>
  </fielditem>
 </field>
