﻿<?xml version="1.0" encoding="utf-8" ?>
 <field>
  <fielditem id="1816" fieldname="otid" groupid="7">
    <title>所属其它模型分类</title>
    <tips><![CDATA[]]></tips>
    <fieldtype>0</fieldtype>
    <defaultvalue><![CDATA[2]]></defaultvalue>
    <options><![CDATA[]]></options>
    <mustfilltf>0</mustfilltf>
    <showonform>0</showonform>
    <showonuserform>0</showonuserform>
    <showonclubform>0</showonclubform>
    <allowfileext></allowfileext>
    <width>300</width>
    <height>0</height>
    <maxfilesize>0</maxfilesize>
    <editortype></editortype>
    <showunit>0</showunit>
    <unitoptions><![CDATA[]]></unitoptions>
    <parentfieldname></parentfieldname>
    <maxlength>0</maxlength>
  </fielditem>
  <fielditem id="820" fieldname="title" groupid="7">
    <title>简短标题</title>
    <tips><![CDATA[]]></tips>
    <fieldtype>0</fieldtype>
    <defaultvalue><![CDATA[]]></defaultvalue>
    <options><![CDATA[]]></options>
    <mustfilltf>0</mustfilltf>
    <showonform>1</showonform>
    <showonuserform>1</showonuserform>
    <showonclubform>0</showonclubform>
    <allowfileext></allowfileext>
    <width>300</width>
    <height>0</height>
    <maxfilesize>0</maxfilesize>
    <editortype></editortype>
    <showunit>0</showunit>
    <unitoptions><![CDATA[]]></unitoptions>
    <parentfieldname></parentfieldname>
    <maxlength>0</maxlength>
  </fielditem>
  <fielditem id="822" fieldname="fulltitle" groupid="7">
    <title>完整标题</title>
    <tips><![CDATA[]]></tips>
    <fieldtype>0</fieldtype>
    <defaultvalue><![CDATA[]]></defaultvalue>
    <options><![CDATA[]]></options>
    <mustfilltf>0</mustfilltf>
    <showonform>1</showonform>
    <showonuserform>1</showonuserform>
    <showonclubform>0</showonclubform>
    <allowfileext></allowfileext>
    <width>300</width>
    <height>0</height>
    <maxfilesize>0</maxfilesize>
    <editortype></editortype>
    <showunit>0</showunit>
    <unitoptions><![CDATA[]]></unitoptions>
    <parentfieldname></parentfieldname>
    <maxlength>0</maxlength>
  </fielditem>
  <fielditem id="823" fieldname="tid" groupid="7">
    <title>归属栏目</title>
    <tips><![CDATA[]]></tips>
    <fieldtype>0</fieldtype>
    <defaultvalue><![CDATA[]]></defaultvalue>
    <options><![CDATA[]]></options>
    <mustfilltf>0</mustfilltf>
    <showonform>1</showonform>
    <showonuserform>1</showonuserform>
    <showonclubform>0</showonclubform>
    <allowfileext></allowfileext>
    <width>300</width>
    <height>0</height>
    <maxfilesize>0</maxfilesize>
    <editortype></editortype>
    <showunit>0</showunit>
    <unitoptions><![CDATA[]]></unitoptions>
    <parentfieldname></parentfieldname>
    <maxlength>0</maxlength>
  </fielditem>
  <fielditem id="821" fieldname="titleattribute" groupid="7">
    <title>标题属性</title>
    <tips><![CDATA[]]></tips>
    <fieldtype>0</fieldtype>
    <defaultvalue><![CDATA[]]></defaultvalue>
    <options><![CDATA[]]></options>
    <mustfilltf>0</mustfilltf>
    <showonform>1</showonform>
    <showonuserform>1</showonuserform>
    <showonclubform>0</showonclubform>
    <allowfileext></allowfileext>
    <width>300</width>
    <height>0</height>
    <maxfilesize>0</maxfilesize>
    <editortype></editortype>
    <showunit>0</showunit>
    <unitoptions><![CDATA[]]></unitoptions>
    <parentfieldname></parentfieldname>
    <maxlength>0</maxlength>
  </fielditem>
  <fielditem id="824" fieldname="attribute" groupid="7">
    <title>文章属性</title>
    <tips><![CDATA[]]></tips>
    <fieldtype>0</fieldtype>
    <defaultvalue><![CDATA[]]></defaultvalue>
    <options><![CDATA[]]></options>
    <mustfilltf>0</mustfilltf>
    <showonform>1</showonform>
    <showonuserform>0</showonuserform>
    <showonclubform>0</showonclubform>
    <allowfileext></allowfileext>
    <width>300</width>
    <height>0</height>
    <maxfilesize>0</maxfilesize>
    <editortype></editortype>
    <showunit>0</showunit>
    <unitoptions><![CDATA[]]></unitoptions>
    <parentfieldname></parentfieldname>
    <maxlength>0</maxlength>
  </fielditem>
  <fielditem id="825" fieldname="pushtobbs" groupid="7">
    <title>推送到论坛</title>
    <tips><![CDATA[]]></tips>
    <fieldtype>0</fieldtype>
    <defaultvalue><![CDATA[]]></defaultvalue>
    <options><![CDATA[]]></options>
    <mustfilltf>0</mustfilltf>
    <showonform>0</showonform>
    <showonuserform>1</showonuserform>
    <showonclubform>0</showonclubform>
    <allowfileext></allowfileext>
    <width>300</width>
    <height>0</height>
    <maxfilesize>0</maxfilesize>
    <editortype></editortype>
    <showunit>0</showunit>
    <unitoptions><![CDATA[]]></unitoptions>
    <parentfieldname></parentfieldname>
    <maxlength>0</maxlength>
  </fielditem>
  <fielditem id="826" fieldname="turnto" groupid="7">
    <title>转向链接</title>
    <tips><![CDATA[]]></tips>
    <fieldtype>0</fieldtype>
    <defaultvalue><![CDATA[]]></defaultvalue>
    <options><![CDATA[]]></options>
    <mustfilltf>0</mustfilltf>
    <showonform>1</showonform>
    <showonuserform>1</showonuserform>
    <showonclubform>0</showonclubform>
    <allowfileext></allowfileext>
    <width>300</width>
    <height>0</height>
    <maxfilesize>0</maxfilesize>
    <editortype></editortype>
    <showunit>0</showunit>
    <unitoptions><![CDATA[]]></unitoptions>
    <parentfieldname></parentfieldname>
    <maxlength>0</maxlength>
  </fielditem>
  <fielditem id="827" fieldname="keywords" groupid="7">
    <title>关 键 字</title>
    <tips><![CDATA[]]></tips>
    <fieldtype>0</fieldtype>
    <defaultvalue><![CDATA[]]></defaultvalue>
    <options><![CDATA[]]></options>
    <mustfilltf>0</mustfilltf>
    <showonform>1</showonform>
    <showonuserform>1</showonuserform>
    <showonclubform>0</showonclubform>
    <allowfileext></allowfileext>
    <width>450</width>
    <height>0</height>
    <maxfilesize>0</maxfilesize>
    <editortype></editortype>
    <showunit>0</showunit>
    <unitoptions><![CDATA[]]></unitoptions>
    <parentfieldname></parentfieldname>
    <maxlength>0</maxlength>
  </fielditem>
  <fielditem id="828" fieldname="author" groupid="7">
    <title>文章作者</title>
    <tips><![CDATA[]]></tips>
    <fieldtype>0</fieldtype>
    <defaultvalue><![CDATA[]]></defaultvalue>
    <options><![CDATA[]]></options>
    <mustfilltf>0</mustfilltf>
    <showonform>1</showonform>
    <showonuserform>1</showonuserform>
    <showonclubform>0</showonclubform>
    <allowfileext></allowfileext>
    <width>450</width>
    <height>0</height>
    <maxfilesize>0</maxfilesize>
    <editortype></editortype>
    <showunit>0</showunit>
    <unitoptions><![CDATA[]]></unitoptions>
    <parentfieldname></parentfieldname>
    <maxlength>0</maxlength>
  </fielditem>
  <fielditem id="829" fieldname="origin" groupid="7">
    <title>文章来源</title>
    <tips><![CDATA[]]></tips>
    <fieldtype>0</fieldtype>
    <defaultvalue><![CDATA[]]></defaultvalue>
    <options><![CDATA[]]></options>
    <mustfilltf>0</mustfilltf>
    <showonform>1</showonform>
    <showonuserform>1</showonuserform>
    <showonclubform>0</showonclubform>
    <allowfileext></allowfileext>
    <width>450</width>
    <height>0</height>
    <maxfilesize>0</maxfilesize>
    <editortype></editortype>
    <showunit>0</showunit>
    <unitoptions><![CDATA[]]></unitoptions>
    <parentfieldname></parentfieldname>
    <maxlength>0</maxlength>
  </fielditem>
  <fielditem id="830" fieldname="map" groupid="7">
    <title>地图标注</title>
    <tips><![CDATA[]]></tips>
    <fieldtype>0</fieldtype>
    <defaultvalue><![CDATA[]]></defaultvalue>
    <options><![CDATA[]]></options>
    <mustfilltf>0</mustfilltf>
    <showonform>1</showonform>
    <showonuserform>1</showonuserform>
    <showonclubform>0</showonclubform>
    <allowfileext></allowfileext>
    <width>300</width>
    <height>0</height>
    <maxfilesize>0</maxfilesize>
    <editortype></editortype>
    <showunit>0</showunit>
    <unitoptions><![CDATA[]]></unitoptions>
    <parentfieldname></parentfieldname>
    <maxlength>0</maxlength>
  </fielditem>
  <fielditem id="831" fieldname="area" groupid="7">
    <title>选择地区</title>
    <tips><![CDATA[]]></tips>
    <fieldtype>0</fieldtype>
    <defaultvalue><![CDATA[]]></defaultvalue>
    <options><![CDATA[]]></options>
    <mustfilltf>0</mustfilltf>
    <showonform>1</showonform>
    <showonuserform>1</showonuserform>
    <showonclubform>0</showonclubform>
    <allowfileext></allowfileext>
    <width>300</width>
    <height>0</height>
    <maxfilesize>0</maxfilesize>
    <editortype></editortype>
    <showunit>0</showunit>
    <unitoptions><![CDATA[]]></unitoptions>
    <parentfieldname></parentfieldname>
    <maxlength>0</maxlength>
  </fielditem>
  <fielditem id="832" fieldname="intro" groupid="7">
    <title>文章导读</title>
    <tips><![CDATA[]]></tips>
    <fieldtype>0</fieldtype>
    <defaultvalue><![CDATA[]]></defaultvalue>
    <options><![CDATA[]]></options>
    <mustfilltf>0</mustfilltf>
    <showonform>1</showonform>
    <showonuserform>1</showonuserform>
    <showonclubform>0</showonclubform>
    <allowfileext></allowfileext>
    <width>300</width>
    <height>0</height>
    <maxfilesize>1024</maxfilesize>
    <editortype></editortype>
    <showunit>0</showunit>
    <unitoptions><![CDATA[]]></unitoptions>
    <parentfieldname></parentfieldname>
    <maxlength>0</maxlength>
  </fielditem>
  <fielditem id="833" fieldname="content" groupid="7">
    <title>文章内容</title>
    <tips><![CDATA[]]></tips>
    <fieldtype>0</fieldtype>
    <defaultvalue><![CDATA[]]></defaultvalue>
    <options><![CDATA[]]></options>
    <mustfilltf>0</mustfilltf>
    <showonform>1</showonform>
    <showonuserform>1</showonuserform>
    <showonclubform>0</showonclubform>
    <allowfileext></allowfileext>
    <width>300</width>
    <height>0</height>
    <maxfilesize>1024</maxfilesize>
    <editortype></editortype>
    <showunit>0</showunit>
    <unitoptions><![CDATA[]]></unitoptions>
    <parentfieldname></parentfieldname>
    <maxlength>0</maxlength>
  </fielditem>
  <fielditem id="834" fieldname="attachment" groupid="7">
    <title>附件上传</title>
    <tips><![CDATA[]]></tips>
    <fieldtype>0</fieldtype>
    <defaultvalue><![CDATA[]]></defaultvalue>
    <options><![CDATA[]]></options>
    <mustfilltf>0</mustfilltf>
    <showonform>1</showonform>
    <showonuserform>1</showonuserform>
    <showonclubform>0</showonclubform>
    <allowfileext></allowfileext>
    <width>300</width>
    <height>0</height>
    <maxfilesize>1024</maxfilesize>
    <editortype></editortype>
    <showunit>0</showunit>
    <unitoptions><![CDATA[]]></unitoptions>
    <parentfieldname></parentfieldname>
    <maxlength>0</maxlength>
  </fielditem>
  <fielditem id="835" fieldname="pagetitle" groupid="7">
    <title>分页标题</title>
    <tips><![CDATA[]]></tips>
    <fieldtype>0</fieldtype>
    <defaultvalue><![CDATA[]]></defaultvalue>
    <options><![CDATA[]]></options>
    <mustfilltf>0</mustfilltf>
    <showonform>1</showonform>
    <showonuserform>1</showonuserform>
    <showonclubform>0</showonclubform>
    <allowfileext></allowfileext>
    <width>300</width>
    <height>0</height>
    <maxfilesize>1024</maxfilesize>
    <editortype></editortype>
    <showunit>0</showunit>
    <unitoptions><![CDATA[]]></unitoptions>
    <parentfieldname></parentfieldname>
    <maxlength>0</maxlength>
  </fielditem>
  <fielditem id="836" fieldname="photourl" groupid="7">
    <title>图片地址</title>
    <tips><![CDATA[]]></tips>
    <fieldtype>0</fieldtype>
    <defaultvalue><![CDATA[]]></defaultvalue>
    <options><![CDATA[]]></options>
    <mustfilltf>0</mustfilltf>
    <showonform>1</showonform>
    <showonuserform>1</showonuserform>
    <showonclubform>0</showonclubform>
    <allowfileext></allowfileext>
    <width>300</width>
    <height>0</height>
    <maxfilesize>0</maxfilesize>
    <editortype></editortype>
    <showunit>0</showunit>
    <unitoptions><![CDATA[]]></unitoptions>
    <parentfieldname></parentfieldname>
    <maxlength>0</maxlength>
  </fielditem>
  <fielditem id="837" fieldname="uploadphoto" groupid="7">
    <title>上传图片</title>
    <tips><![CDATA[]]></tips>
    <fieldtype>0</fieldtype>
    <defaultvalue><![CDATA[]]></defaultvalue>
    <options><![CDATA[]]></options>
    <mustfilltf>0</mustfilltf>
    <showonform>1</showonform>
    <showonuserform>1</showonuserform>
    <showonclubform>0</showonclubform>
    <allowfileext></allowfileext>
    <width>300</width>
    <height>0</height>
    <maxfilesize>1024</maxfilesize>
    <editortype></editortype>
    <showunit>0</showunit>
    <unitoptions><![CDATA[]]></unitoptions>
    <parentfieldname></parentfieldname>
    <maxlength>0</maxlength>
  </fielditem>
  <fielditem id="838" fieldname="adddate" groupid="7">
    <title>添加日期</title>
    <tips><![CDATA[]]></tips>
    <fieldtype>0</fieldtype>
    <defaultvalue><![CDATA[]]></defaultvalue>
    <options><![CDATA[]]></options>
    <mustfilltf>0</mustfilltf>
    <showonform>1</showonform>
    <showonuserform>1</showonuserform>
    <showonclubform>0</showonclubform>
    <allowfileext></allowfileext>
    <width>450</width>
    <height>0</height>
    <maxfilesize>0</maxfilesize>
    <editortype></editortype>
    <showunit>0</showunit>
    <unitoptions><![CDATA[]]></unitoptions>
    <parentfieldname></parentfieldname>
    <maxlength>0</maxlength>
  </fielditem>
  <fielditem id="839" fieldname="rank" groupid="7">
    <title>文章等级</title>
    <tips><![CDATA[]]></tips>
    <fieldtype>0</fieldtype>
    <defaultvalue><![CDATA[]]></defaultvalue>
    <options><![CDATA[]]></options>
    <mustfilltf>0</mustfilltf>
    <showonform>1</showonform>
    <showonuserform>1</showonuserform>
    <showonclubform>0</showonclubform>
    <allowfileext></allowfileext>
    <width>300</width>
    <height>0</height>
    <maxfilesize>1024</maxfilesize>
    <editortype></editortype>
    <showunit>0</showunit>
    <unitoptions><![CDATA[]]></unitoptions>
    <parentfieldname></parentfieldname>
    <maxlength>0</maxlength>
  </fielditem>
  <fielditem id="840" fieldname="hits" groupid="7">
    <title>点 击 数</title>
    <tips><![CDATA[]]></tips>
    <fieldtype>0</fieldtype>
    <defaultvalue><![CDATA[]]></defaultvalue>
    <options><![CDATA[]]></options>
    <mustfilltf>0</mustfilltf>
    <showonform>1</showonform>
    <showonuserform>1</showonuserform>
    <showonclubform>0</showonclubform>
    <allowfileext></allowfileext>
    <width>300</width>
    <height>0</height>
    <maxfilesize>1024</maxfilesize>
    <editortype></editortype>
    <showunit>0</showunit>
    <unitoptions><![CDATA[]]></unitoptions>
    <parentfieldname></parentfieldname>
    <maxlength>0</maxlength>
  </fielditem>
  <fielditem id="841" fieldname="template" groupid="7">
    <title>模板选择</title>
    <tips><![CDATA[]]></tips>
    <fieldtype>0</fieldtype>
    <defaultvalue><![CDATA[]]></defaultvalue>
    <options><![CDATA[]]></options>
    <mustfilltf>0</mustfilltf>
    <showonform>1</showonform>
    <showonuserform>1</showonuserform>
    <showonclubform>0</showonclubform>
    <allowfileext></allowfileext>
    <width>300</width>
    <height>0</height>
    <maxfilesize>1024</maxfilesize>
    <editortype></editortype>
    <showunit>0</showunit>
    <unitoptions><![CDATA[]]></unitoptions>
    <parentfieldname></parentfieldname>
    <maxlength>0</maxlength>
  </fielditem>
  <fielditem id="842" fieldname="fname" groupid="7">
    <title>文 件 名</title>
    <tips><![CDATA[]]></tips>
    <fieldtype>0</fieldtype>
    <defaultvalue><![CDATA[]]></defaultvalue>
    <options><![CDATA[]]></options>
    <mustfilltf>0</mustfilltf>
    <showonform>1</showonform>
    <showonuserform>1</showonuserform>
    <showonclubform>0</showonclubform>
    <allowfileext></allowfileext>
    <width>300</width>
    <height>0</height>
    <maxfilesize>1024</maxfilesize>
    <editortype></editortype>
    <showunit>0</showunit>
    <unitoptions><![CDATA[]]></unitoptions>
    <parentfieldname></parentfieldname>
    <maxlength>0</maxlength>
  </fielditem>
  <fielditem id="843" fieldname="special" groupid="7">
    <title>归属专题</title>
    <tips><![CDATA[]]></tips>
    <fieldtype>0</fieldtype>
    <defaultvalue><![CDATA[]]></defaultvalue>
    <options><![CDATA[]]></options>
    <mustfilltf>0</mustfilltf>
    <showonform>1</showonform>
    <showonuserform>1</showonuserform>
    <showonclubform>0</showonclubform>
    <allowfileext></allowfileext>
    <width>300</width>
    <height>0</height>
    <maxfilesize>1024</maxfilesize>
    <editortype></editortype>
    <showunit>0</showunit>
    <unitoptions><![CDATA[]]></unitoptions>
    <parentfieldname></parentfieldname>
    <maxlength>0</maxlength>
  </fielditem>
  <fielditem id="844" fieldname="attroption" groupid="7">
    <title>属性选项</title>
    <tips><![CDATA[]]></tips>
    <fieldtype>0</fieldtype>
    <defaultvalue><![CDATA[]]></defaultvalue>
    <options><![CDATA[]]></options>
    <mustfilltf>0</mustfilltf>
    <showonform>1</showonform>
    <showonuserform>1</showonuserform>
    <showonclubform>0</showonclubform>
    <allowfileext></allowfileext>
    <width>300</width>
    <height>0</height>
    <maxfilesize>1024</maxfilesize>
    <editortype></editortype>
    <showunit>0</showunit>
    <unitoptions><![CDATA[]]></unitoptions>
    <parentfieldname></parentfieldname>
    <maxlength>0</maxlength>
  </fielditem>
  <fielditem id="845" fieldname="seooption" groupid="7">
    <title>SEO优化选项</title>
    <tips><![CDATA[]]></tips>
    <fieldtype>0</fieldtype>
    <defaultvalue><![CDATA[]]></defaultvalue>
    <options><![CDATA[]]></options>
    <mustfilltf>0</mustfilltf>
    <showonform>1</showonform>
    <showonuserform>1</showonuserform>
    <showonclubform>0</showonclubform>
    <allowfileext></allowfileext>
    <width>300</width>
    <height>0</height>
    <maxfilesize>1024</maxfilesize>
    <editortype></editortype>
    <showunit>0</showunit>
    <unitoptions><![CDATA[]]></unitoptions>
    <parentfieldname></parentfieldname>
    <maxlength>0</maxlength>
  </fielditem>
  <fielditem id="846" fieldname="chargeoption" groupid="7">
    <title>收费选项</title>
    <tips><![CDATA[]]></tips>
    <fieldtype>0</fieldtype>
    <defaultvalue><![CDATA[]]></defaultvalue>
    <options><![CDATA[]]></options>
    <mustfilltf>0</mustfilltf>
    <showonform>1</showonform>
    <showonuserform>1</showonuserform>
    <showonclubform>0</showonclubform>
    <allowfileext></allowfileext>
    <width>300</width>
    <height>0</height>
    <maxfilesize>0</maxfilesize>
    <editortype></editortype>
    <showunit>0</showunit>
    <unitoptions><![CDATA[]]></unitoptions>
    <parentfieldname></parentfieldname>
    <maxlength>0</maxlength>
  </fielditem>
  <fielditem id="847" fieldname="pub" groupid="7">
    <title>立即发布</title>
    <tips><![CDATA[]]></tips>
    <fieldtype>0</fieldtype>
    <defaultvalue><![CDATA[]]></defaultvalue>
    <options><![CDATA[]]></options>
    <mustfilltf>0</mustfilltf>
    <showonform>1</showonform>
    <showonuserform>1</showonuserform>
    <showonclubform>0</showonclubform>
    <allowfileext></allowfileext>
    <width>300</width>
    <height>0</height>
    <maxfilesize>1024</maxfilesize>
    <editortype></editortype>
    <showunit>0</showunit>
    <unitoptions><![CDATA[]]></unitoptions>
    <parentfieldname></parentfieldname>
    <maxlength>0</maxlength>
  </fielditem>
  <fielditem id="848" fieldname="signoption" groupid="7">
    <title>签收选项</title>
    <tips><![CDATA[]]></tips>
    <fieldtype>0</fieldtype>
    <defaultvalue><![CDATA[]]></defaultvalue>
    <options><![CDATA[]]></options>
    <mustfilltf>0</mustfilltf>
    <showonform>1</showonform>
    <showonuserform>1</showonuserform>
    <showonclubform>0</showonclubform>
    <allowfileext></allowfileext>
    <width>300</width>
    <height>0</height>
    <maxfilesize>1024</maxfilesize>
    <editortype></editortype>
    <showunit>0</showunit>
    <unitoptions><![CDATA[]]></unitoptions>
    <parentfieldname></parentfieldname>
    <maxlength>0</maxlength>
  </fielditem>
  <fielditem id="849" fieldname="relativeoption" groupid="7">
    <title>相关选项</title>
    <tips><![CDATA[]]></tips>
    <fieldtype>0</fieldtype>
    <defaultvalue><![CDATA[]]></defaultvalue>
    <options><![CDATA[]]></options>
    <mustfilltf>0</mustfilltf>
    <showonform>1</showonform>
    <showonuserform>1</showonuserform>
    <showonclubform>0</showonclubform>
    <allowfileext></allowfileext>
    <width>300</width>
    <height>0</height>
    <maxfilesize>0</maxfilesize>
    <editortype></editortype>
    <showunit>0</showunit>
    <unitoptions><![CDATA[]]></unitoptions>
    <parentfieldname></parentfieldname>
    <maxlength>0</maxlength>
  </fielditem>
 </field>
