﻿<?xml version="1.0" encoding="utf-8"?>
<field>
	<item id="5" >
		<Fast>商城管理</Fast>
		<Role>shop0</Role>
		<Fastico>icon02.png</Fastico>
		<Fastmenu>
			<Fast>处理所有订单</Fast>
			<Fasturl><![CDATA[KS.ShopOrder.asp?ChannelID=5]]></Fasturl>
			<Attribute>Disabled</Attribute>
			<Role>M510020</Role>
			<Fastico>6.png</Fastico>
			<order>1</order>
		</Fastmenu>
		<Fastmenu>
			<Fast>资金明细查询</Fast>
			<Fasturl><![CDATA[KS.LogMoney.asp?ChannelID=5]]></Fasturl>
			<Attribute>Disabled</Attribute>
			<Role>M510014</Role>
			<Fastico>6.png</Fastico>
			<order>1</order>
		</Fastmenu>
		<Fastmenu>
			<Fast>发退货查询</Fast>
			<Fasturl><![CDATA[KS.LogDeliver.asp?ChannelID=5]]></Fasturl>
			<Attribute>Disabled</Attribute>
			<Role>M510015</Role>
			<Fastico>6.png</Fastico>
			<order>1</order>
		</Fastmenu>
		<Fastmenu>
			<Fast>开发票查询</Fast>
			<Fasturl><![CDATA[KS.LogInvoice.asp?ChannelID=5]]></Fasturl>
			<Attribute>Disabled</Attribute>
			<Role>M510016</Role>
			<Fastico>6.png</Fastico>
			<order>1</order>
		</Fastmenu>
		<Fastmenu>
			<Fast>销售数据统计</Fast>
			<Fasturl><![CDATA[KS.ShopStats.asp?Action=Custom]]></Fasturl>
			<Attribute>Disabled</Attribute>
			<Role>M510017</Role>
			<Fastico>6.png</Fastico>
			<order>1</order>
		</Fastmenu>
		<Fastmenu>
			<Fast>收货人信息管理</Fast>
			<Fasturl><![CDATA[KS.ShopUserOrder.asp]]></Fasturl>
			<Attribute>Disabled</Attribute>
			<Role>M520075</Role>
			<Fastico>6.png</Fastico>
			<order>1</order>
		</Fastmenu>
		<Fastmenu>
			<Fast>商品批量改价</Fast>
			<Fasturl><![CDATA[KS.ShopSetAttribute.asp]]></Fasturl>
			<Attribute>Disabled</Attribute>
			<Role>M520075</Role>
			<Fastico>6.png</Fastico>
			<order>1</order>
		</Fastmenu>
		<Fastmenu>
			<Fast>送货/付款方式</Fast>
			<Fasturl><![CDATA[KS.Delivery.asp?ChannelID=5]]></Fasturl>
			<Attribute>Disabled</Attribute>
			<Role>M520004</Role>
			<Fastico>6.png</Fastico>
			<order>1</order>
		</Fastmenu>
		<Fastmenu>
			<Fast>品牌管理</Fast>
			<Fasturl><![CDATA[KS.ShopBrand.asp]]></Fasturl>
			<Attribute>Disabled</Attribute>
			<Role>M510018</Role>
			<Fastico>6.png</Fastico>
			<order>1</order>
		</Fastmenu>
		<Fastmenu>
			<Fast>商品规格列表管理</Fast>
			<Fasturl><![CDATA[KS.ShopSpecification.asp?ChannelID=5]]></Fasturl>
			<Attribute>Disabled</Attribute>
			<Role>M520006</Role>
			<Fastico>6.png</Fastico>
			<order>1</order>
		</Fastmenu>
		<Fastmenu>
			<Fast>厂商管理</Fast>
			<Fasturl><![CDATA[KS.Author.asp?ChannelID=5]]></Fasturl>
			<Attribute>Disabled</Attribute>
			<Role>M520003</Role>
			<Fastico>6.png</Fastico>
			<order>1</order>
		</Fastmenu>
		<Fastmenu>
			<Fast>团购管理首页</Fast>
			<Fasturl><![CDATA[KS.GroupBuy.asp]]></Fasturl>
			<Attribute>Disabled</Attribute>
			<Role>M530001</Role>
			<Fastico>6.png</Fastico>
			<order>1</order>
		</Fastmenu>
		<Fastmenu>
			<Fast>限时/限量抢购管理</Fast>
			<Fasturl><![CDATA[KS.Shop.asp?action=LimitBuy&channelid=5]]></Fasturl>
			<Attribute>Disabled</Attribute>
			<Role>M520008</Role>
			<Fastico>6.png</Fastico>
			<order>1</order>
		</Fastmenu>
		<Fastmenu>
			<Fast>捆绑销售商品管理</Fast>
			<Fasturl><![CDATA[KS.Shop.asp?action=BundleSale&channelid=5]]></Fasturl>
			<Attribute>Disabled</Attribute>
			<Role>M520009</Role>
			<Fastico>6.png</Fastico>
			<order>1</order>
		</Fastmenu>
		<Fastmenu>
			<Fast>换购商品管理</Fast>
			<Fasturl><![CDATA[KS.Shop.asp?action=ChangedBuy&channelid=5]]></Fasturl>
			<Attribute>Disabled</Attribute>
			<Role>M520010</Role>
			<Fastico>6.png</Fastico>
			<order>1</order>
		</Fastmenu>
		<Fastmenu>
			<Fast>商品库存报警管理</Fast>
			<Fasturl><![CDATA[KS.Shop.asp?action=StockAlarm&channelid=5]]></Fasturl>
			<Attribute>Disabled</Attribute>
			<Role>M520012</Role>
			<Fastico>6.png</Fastico>
			<order>1</order>
		</Fastmenu>
		<Fastmenu>
			<Fast>超值礼包管理</Fast>
			<Fasturl><![CDATA[KS.Shop.asp?action=Package&channelid=5]]></Fasturl>
			<Attribute>Disabled</Attribute>
			<Role>M520011</Role>
			<Fastico>6.png</Fastico>
			<order>1</order>
		</Fastmenu>
		<Fastmenu>
			<Fast>批量调价助手</Fast>
			<Fasturl><![CDATA[System/KS.ItemInfo.asp?action=SetAttribute&channelid=5]]></Fasturl>
			<Attribute>Disabled</Attribute>
			<Role>M510005</Role>
			<Fastico>6.png</Fastico>
			<order>1</order>
		</Fastmenu>
		<Fastmenu>
			<Fast>优惠券管理</Fast>
			<Fasturl><![CDATA[KS.ShopCoupon.asp]]></Fasturl>
			<Attribute>Disabled</Attribute>
			<Role>M520007</Role>
			<Fastico>6.png</Fastico>
			<order>1</order>
		</Fastmenu>
		<Fastmenu>
			<Fast>快递单模板管理</Fast>
			<Fasturl><![CDATA[KS.ShopExpress.asp]]></Fasturl>
			<Attribute>Disabled</Attribute>
			<Role>M520014</Role>
			<Fastico>6.png</Fastico>
			<order>1</order>
		</Fastmenu>
	</item>
	<item id="10" >
		<Fast>招聘求职</Fast>
		<Role>job0</Role>
		<Fastico>icon03.png</Fastico>
		<Fastmenu>
			<Fast>行业职位设置</Fast>
			<Fasturl><![CDATA[KS.Jobhy.asp]]></Fasturl>
			<Attribute>Disabled</Attribute>
			<Role>M1010005</Role>
			<Fastico>6.png</Fastico>
			<order>1</order>
		</Fastmenu>
		<Fastmenu>
			<Fast>毕业院校设置</Fast>
			<Fasturl><![CDATA[KS.JobSchool.asp]]></Fasturl>
			<Attribute>Disabled</Attribute>
			<Role>M1010006</Role>
			<Fastico>6.png</Fastico>
			<order>1</order>
		</Fastmenu>
		<Fastmenu>
			<Fast>简历模板管理</Fast>
			<Fasturl><![CDATA[KS.JobTemplate.asp]]></Fasturl>
			<Attribute>Disabled</Attribute>
			<Role>M1010006</Role>
			<Fastico>6.png</Fastico>
			<order>1</order>
		</Fastmenu>
		<Fastmenu>
			<Fast>招聘单位管理</Fast>
			<Fasturl><![CDATA[KS.JobCompany.asp]]></Fasturl>
			<Attribute>Disabled</Attribute>
			<Role>M1010002</Role>
			<Fastico>6.png</Fastico>
			<order>1</order>
		</Fastmenu>
		<Fastmenu>
			<Fast>招聘单位审核</Fast>
			<Fasturl><![CDATA[KS.JobCompany.asp?ComeFrom=Verify]]></Fasturl>
			<Attribute>Disabled</Attribute>
			<Role>M1010002</Role>
			<Fastico>6.png</Fastico>
			<order>1</order>
		</Fastmenu>
		<Fastmenu>
			<Fast>添加招聘单位</Fast>
			<Fasturl><![CDATA[KS.JobCompany.asp?Action=Add]]></Fasturl>
			<Attribute>Disabled</Attribute>
			<Role>M1010002</Role>
			<Fastico>6.png</Fastico>
			<order>1</order>
		</Fastmenu>
		<Fastmenu>
			<Fast>招聘职位管理</Fast>
			<Fasturl><![CDATA[KS.Jobzw.asp]]></Fasturl>
			<Attribute>Disabled</Attribute>
			<Role>M1010004</Role>
			<Fastico>6.png</Fastico>
			<order>1</order>
		</Fastmenu>
		<Fastmenu>
			<Fast>个人简历管理</Fast>
			<Fasturl><![CDATA[KS.JobResume.asp]]></Fasturl>
			<Attribute>Disabled</Attribute>
			<Role>M1010003</Role>
			<Fastico>6.png</Fastico>
			<order>1</order>
		</Fastmenu>
		<Fastmenu>
			<Fast>个人简历审核</Fast>
			<Fasturl><![CDATA[KS.JobResume.asp?ComeFrom=Verify]]></Fasturl>
			<Attribute>Disabled</Attribute>
			<Role>M1010003</Role>
			<Fastico>6.png</Fastico>
			<order>1</order>
		</Fastmenu>
		<Fastmenu>
			<Fast>添加个人简历</Fast>
			<Fasturl><![CDATA[KS.JobResume.asp?Action=Add]]></Fasturl>
			<Attribute>Disabled</Attribute>
			<Role>M1010003</Role>
			<Fastico>6.png</Fastico>
			<order>1</order>
		</Fastmenu>
		<Fastmenu>
			<Fast>教育背景管理</Fast>
			<Fasturl><![CDATA[KS.JobEdu.asp]]></Fasturl>
			<Attribute>Disabled</Attribute>
			<Role>M1010003</Role>
			<Fastico>6.png</Fastico>
			<order>1</order>
		</Fastmenu>
	</item>	
	<item id="9" >
		<Fast>考试系统</Fast>
		<Role>mnkc0</Role>
		<Fastico>icon04.png</Fastico>
		<Fastmenu>
			<Fast>试卷管理</Fast>
			<Fasturl><![CDATA[mnkc/mnkc_sort.asp]]></Fasturl>
			<Attribute>Disabled</Attribute>
			<Role>0</Role>
			<Fastico>6.png</Fastico>
			<order>1</order>
		</Fastmenu>
		<Fastmenu>
			<Fast>题库管理</Fast>
			<Fasturl><![CDATA[mnkc/mnkc_tk.asp]]></Fasturl>
			<Attribute>Disabled</Attribute>
			<Role>0</Role>
			<Fastico>6.png</Fastico>
			<order>1</order>
		</Fastmenu>
		<Fastmenu>
			<Fast>题库组卷</Fast>
			<Fasturl><![CDATA[mnkc/xtzj.asp]]></Fasturl>
			<Attribute>Disabled</Attribute>
			<Role>0</Role>
			<Fastico>6.png</Fastico>
			<order>1</order>
		</Fastmenu>
		<Fastmenu>
			<Fast>试卷分类管理</Fast>
			<Fasturl><![CDATA[mnkc/mnkc_class.asp]]></Fasturl>
			<Attribute>Disabled</Attribute>
			<Role>M910001</Role>
			<Fastico>6.png</Fastico>
			<order>1</order>
		</Fastmenu>
		<Fastmenu>
			<Fast>知识点管理</Fast>
			<Fasturl><![CDATA[mnkc/mnkc_zsd.asp]]></Fasturl>
			<Attribute>Disabled</Attribute>
			<Role>M910010</Role>
			<Fastico>6.png</Fastico>
			<order>1</order>
		</Fastmenu>
		<Fastmenu>
			<Fast>试题纠错管理</Fast>
			<Fasturl><![CDATA[mnkc/Correction.asp]]></Fasturl>
			<Attribute>Disabled</Attribute>
			<Role>M910011</Role>
			<Fastico>6.png</Fastico>
			<order>1</order>
		</Fastmenu>
		<Fastmenu>
			<Fast>考试成绩管理</Fast>
			<Fasturl><![CDATA[mnkc/mnkc_score.asp]]></Fasturl>
			<Attribute>Disabled</Attribute>
			<Role>0</Role>
			<Fastico>6.png</Fastico>
			<order>1</order>
		</Fastmenu>
		<Fastmenu>
			<Fast>考后心得管理</Fast>
			<Fasturl><![CDATA[mnkc/mnkc_sjxd.asp]]></Fasturl>
			<Attribute>Disabled</Attribute>
			<Role>0</Role>
			<Fastico>6.png</Fastico>
			<order>1</order>
		</Fastmenu>
		<Fastmenu>
			<Fast>发布试卷首页等</Fast>
			<Fasturl><![CDATA[mnkc/refreshindex.asp]]></Fasturl>
			<Attribute>Disabled</Attribute>
			<Role>M910007</Role>
			<Fastico>6.png</Fastico>
			<order>1</order>
		</Fastmenu>
		<Fastmenu>
			<Fast>发布所有分类</Fast>
			<Fasturl><![CDATA[mnkc/refreshallcalss.asp?type=all]]></Fasturl>
			<Attribute>Disabled</Attribute>
			<Role>M910007</Role>
			<Fastico>6.png</Fastico>
			<order>1</order>
		</Fastmenu>
		<Fastmenu>
			<Fast>发布所有试卷页</Fast>
			<Fasturl><![CDATA[mnkc/RefreshSJ.asp]]></Fasturl>
			<Attribute>Disabled</Attribute>
			<Role>M910007</Role>
			<Fastico>6.png</Fastico>
			<order>1</order>
		</Fastmenu>
	</item>	
	<item id="7" >
		<Fast>影视系统</Fast>
		<Role>mnkc0</Role>
		<Fastico>icon04.png</Fastico>
		<Fastmenu>
			<Fast>影视管理</Fast>
			<Fasturl><![CDATA[System/KS.ItemInfo.asp?ChannelID=7]]></Fasturl>
			<Attribute>Disabled</Attribute>
			<Role>0</Role>
			<Fastico>6.png</Fastico>
			<order>1</order>
		</Fastmenu>
		<Fastmenu>
			<Fast>添加商品</Fast>
			<Fasturl><![CDATA[KS.Movie.asp?ChannelID=7&Action=Add]]></Fasturl>
			<Attribute>Disabled</Attribute>
			<Role>0</Role>
			<Fastico>6.png</Fastico>
			<order>1</order>
		</Fastmenu>
	</item>
</field>
