﻿<?xml version="1.0" encoding="utf-8" ?>
<area>
<item id="104" city="厦门" parentid="0" depth="1" filtertf="1"></item>
<item id="105" city="上海市" parentid="0" depth="1" filtertf="0"></item>
<item id="3" city="天津市" parentid="0" depth="1" filtertf="1"></item>
<item id="22" city="重庆市" parentid="0" depth="1" filtertf="1"></item>
<item id="37" city="河北省" parentid="0" depth="1" filtertf="1"></item>
<item id="41" city="山西省" parentid="0" depth="1" filtertf="1"></item>
<item id="30" city="辽宁省" parentid="0" depth="1" filtertf="1"></item>
<item id="31" city="吉林省" parentid="0" depth="1" filtertf="1"></item>
<item id="36" city="黑龙江" parentid="0" depth="1" filtertf="1"></item>
<item id="25" city="江苏省" parentid="0" depth="1" filtertf="1"></item>
<item id="23" city="浙江省" parentid="0" depth="1" filtertf="1"></item>
<item id="34" city="安徽省" parentid="0" depth="1" filtertf="1"></item>
<item id="26" city="福建省" parentid="0" depth="1" filtertf="1"></item>
<item id="35" city="江西省" parentid="0" depth="1" filtertf="1"></item>
<item id="29" city="山东省" parentid="0" depth="1" filtertf="1"></item>
<item id="40" city="河南省" parentid="0" depth="1" filtertf="1"></item>
<item id="28" city="湖北省" parentid="0" depth="1" filtertf="1"></item>
<item id="27" city="湖南省" parentid="0" depth="1" filtertf="1"></item>
<item id="24" city="广东省" parentid="0" depth="1" filtertf="1"></item>
<item id="49" city="甘肃省" parentid="0" depth="1" filtertf="1"></item>
<item id="38" city="陕西省" parentid="0" depth="1" filtertf="1"></item>
<item id="42" city="内蒙古" parentid="0" depth="1" filtertf="1"></item>
<item id="43" city="广西" parentid="0" depth="1" filtertf="1"></item>
<item id="33" city="四川省" parentid="0" depth="1" filtertf="1"></item>
<item id="44" city="贵州省" parentid="0" depth="1" filtertf="1"></item>
<item id="32" city="云南省" parentid="0" depth="1" filtertf="1"></item>
<item id="48" city="西藏" parentid="0" depth="1" filtertf="1"></item>
<item id="39" city="海南省" parentid="0" depth="1" filtertf="1"></item>
<item id="45" city="宁夏" parentid="0" depth="1" filtertf="1"></item>
<item id="46" city="青海" parentid="0" depth="1" filtertf="1"></item>
<item id="47" city="新疆" parentid="0" depth="1" filtertf="1"></item>
<item id="51" city="香港" parentid="0" depth="1" filtertf="1"></item>
<item id="52" city="奥门" parentid="0" depth="1" filtertf="1"></item>
<item id="50" city="台湾" parentid="0" depth="1" filtertf="1"></item>
<item id="130" city="天津" parentid="3" depth="2" filtertf="1"></item>
<item id="131" city="重庆" parentid="22" depth="2" filtertf="1"></item>
<item id="203" city="杭州市" parentid="23" depth="2" filtertf="1"></item>
<item id="204" city="宁波市" parentid="23" depth="2" filtertf="1"></item>
<item id="205" city="温州市" parentid="23" depth="2" filtertf="1"></item>
<item id="206" city="嘉兴市" parentid="23" depth="2" filtertf="1"></item>
<item id="207" city="湖州市" parentid="23" depth="2" filtertf="1"></item>
<item id="208" city="绍兴市" parentid="23" depth="2" filtertf="1"></item>
<item id="209" city="金华市" parentid="23" depth="2" filtertf="1"></item>
<item id="210" city="衢州市" parentid="23" depth="2" filtertf="1"></item>
<item id="211" city="舟山市" parentid="23" depth="2" filtertf="1"></item>
<item id="212" city="台州市" parentid="23" depth="2" filtertf="1"></item>
<item id="213" city="丽水市" parentid="23" depth="2" filtertf="1"></item>
<item id="315" city="广州市" parentid="24" depth="2" filtertf="1"></item>
<item id="316" city="深圳市" parentid="24" depth="2" filtertf="1"></item>
<item id="317" city="珠海市" parentid="24" depth="2" filtertf="1"></item>
<item id="318" city="汕头市" parentid="24" depth="2" filtertf="1"></item>
<item id="319" city="东莞市" parentid="24" depth="2" filtertf="1"></item>
<item id="320" city="中山市" parentid="24" depth="2" filtertf="1"></item>
<item id="321" city="佛山市" parentid="24" depth="2" filtertf="1"></item>
<item id="322" city="韶关市" parentid="24" depth="2" filtertf="1"></item>
<item id="323" city="江门市" parentid="24" depth="2" filtertf="1"></item>
<item id="324" city="湛江市" parentid="24" depth="2" filtertf="1"></item>
<item id="325" city="茂名市" parentid="24" depth="2" filtertf="1"></item>
<item id="326" city="肇庆市" parentid="24" depth="2" filtertf="1"></item>
<item id="327" city="惠州市" parentid="24" depth="2" filtertf="1"></item>
<item id="328" city="梅州市" parentid="24" depth="2" filtertf="1"></item>
<item id="329" city="汕尾市" parentid="24" depth="2" filtertf="1"></item>
<item id="330" city="河源市" parentid="24" depth="2" filtertf="1"></item>
<item id="331" city="阳江市" parentid="24" depth="2" filtertf="1"></item>
<item id="332" city="清远市" parentid="24" depth="2" filtertf="1"></item>
<item id="333" city="潮州市" parentid="24" depth="2" filtertf="1"></item>
<item id="334" city="揭阳市" parentid="24" depth="2" filtertf="1"></item>
<item id="335" city="云浮市" parentid="24" depth="2" filtertf="1"></item>
<item id="190" city="南京市" parentid="25" depth="2" filtertf="1"></item>
<item id="191" city="镇江市" parentid="25" depth="2" filtertf="1"></item>
<item id="192" city="苏州市" parentid="25" depth="2" filtertf="1"></item>
<item id="193" city="南通市" parentid="25" depth="2" filtertf="1"></item>
<item id="194" city="扬州市" parentid="25" depth="2" filtertf="1"></item>
<item id="195" city="盐城市" parentid="25" depth="2" filtertf="1"></item>
<item id="196" city="徐州市" parentid="25" depth="2" filtertf="1"></item>
<item id="197" city="连云港市" parentid="25" depth="2" filtertf="1"></item>
<item id="198" city="常州市" parentid="25" depth="2" filtertf="1"></item>
<item id="199" city="无锡市" parentid="25" depth="2" filtertf="1"></item>
<item id="200" city="宿迁市" parentid="25" depth="2" filtertf="1"></item>
<item id="201" city="泰州市" parentid="25" depth="2" filtertf="1"></item>
<item id="202" city="淮安市" parentid="25" depth="2" filtertf="1"></item>
<item id="231" city="福州市" parentid="26" depth="2" filtertf="1"></item>
<item id="232" city="厦门市" parentid="26" depth="2" filtertf="1"></item>
<item id="233" city="莆田市" parentid="26" depth="2" filtertf="1"></item>
<item id="234" city="三明市" parentid="26" depth="2" filtertf="1"></item>
<item id="235" city="泉州市" parentid="26" depth="2" filtertf="1"></item>
<item id="236" city="漳州市" parentid="26" depth="2" filtertf="1"></item>
<item id="237" city="南平市" parentid="26" depth="2" filtertf="1"></item>
<item id="238" city="龙岩市" parentid="26" depth="2" filtertf="1"></item>
<item id="239" city="宁德市" parentid="26" depth="2" filtertf="1"></item>
<item id="301" city="长沙市" parentid="27" depth="2" filtertf="1"></item>
<item id="302" city="常德市" parentid="27" depth="2" filtertf="1"></item>
<item id="303" city="株洲市" parentid="27" depth="2" filtertf="1"></item>
<item id="304" city="湘潭市" parentid="27" depth="2" filtertf="1"></item>
<item id="305" city="衡阳市" parentid="27" depth="2" filtertf="1"></item>
<item id="306" city="岳阳市" parentid="27" depth="2" filtertf="1"></item>
<item id="307" city="邵阳市" parentid="27" depth="2" filtertf="1"></item>
<item id="308" city="益阳市" parentid="27" depth="2" filtertf="1"></item>
<item id="309" city="娄底市" parentid="27" depth="2" filtertf="1"></item>
<item id="310" city="怀化市" parentid="27" depth="2" filtertf="1"></item>
<item id="311" city="郴州市" parentid="27" depth="2" filtertf="1"></item>
<item id="312" city="永州市" parentid="27" depth="2" filtertf="1"></item>
<item id="313" city="湘西市" parentid="27" depth="2" filtertf="1"></item>
<item id="314" city="张家界市" parentid="27" depth="2" filtertf="1"></item>
<item id="285" city="武汉市" parentid="28" depth="2" filtertf="1"></item>
<item id="286" city="宜昌市" parentid="28" depth="2" filtertf="1"></item>
<item id="287" city="荆州市" parentid="28" depth="2" filtertf="1"></item>
<item id="288" city="襄樊市" parentid="28" depth="2" filtertf="1"></item>
<item id="289" city="黄石市" parentid="28" depth="2" filtertf="1"></item>
<item id="290" city="荆门市" parentid="28" depth="2" filtertf="1"></item>
<item id="291" city="黄冈市" parentid="28" depth="2" filtertf="1"></item>
<item id="292" city="十堰市" parentid="28" depth="2" filtertf="1"></item>
<item id="293" city="恩施市" parentid="28" depth="2" filtertf="1"></item>
<item id="294" city="潜江市" parentid="28" depth="2" filtertf="1"></item>
<item id="295" city="天门市" parentid="28" depth="2" filtertf="1"></item>
<item id="296" city="仙桃市" parentid="28" depth="2" filtertf="1"></item>
<item id="297" city="随州市" parentid="28" depth="2" filtertf="1"></item>
<item id="298" city="咸宁市" parentid="28" depth="2" filtertf="1"></item>
<item id="299" city="孝感市" parentid="28" depth="2" filtertf="1"></item>
<item id="300" city="鄂州市" parentid="28" depth="2" filtertf="1"></item>
<item id="251" city="济南市" parentid="29" depth="2" filtertf="1"></item>
<item id="252" city="青岛市" parentid="29" depth="2" filtertf="1"></item>
<item id="253" city="淄博市" parentid="29" depth="2" filtertf="1"></item>
<item id="254" city="枣庄市" parentid="29" depth="2" filtertf="1"></item>
<item id="255" city="东营市" parentid="29" depth="2" filtertf="1"></item>
<item id="256" city="烟台市" parentid="29" depth="2" filtertf="1"></item>
<item id="257" city="潍坊市" parentid="29" depth="2" filtertf="1"></item>
<item id="258" city="济宁市" parentid="29" depth="2" filtertf="1"></item>
<item id="259" city="泰安市" parentid="29" depth="2" filtertf="1"></item>
<item id="260" city="威海市" parentid="29" depth="2" filtertf="1"></item>
<item id="261" city="日照市" parentid="29" depth="2" filtertf="1"></item>
<item id="262" city="莱芜市" parentid="29" depth="2" filtertf="1"></item>
<item id="263" city="临沂市" parentid="29" depth="2" filtertf="1"></item>
<item id="264" city="德州市" parentid="29" depth="2" filtertf="1"></item>
<item id="265" city="聊城市" parentid="29" depth="2" filtertf="1"></item>
<item id="266" city="滨州市" parentid="29" depth="2" filtertf="1"></item>
<item id="267" city="菏泽市" parentid="29" depth="2" filtertf="1"></item>
<item id="154" city="沈阳市" parentid="30" depth="2" filtertf="1"></item>
<item id="155" city="大连市" parentid="30" depth="2" filtertf="1"></item>
<item id="156" city="鞍山市" parentid="30" depth="2" filtertf="1"></item>
<item id="157" city="抚顺市" parentid="30" depth="2" filtertf="1"></item>
<item id="158" city="本溪市" parentid="30" depth="2" filtertf="1"></item>
<item id="159" city="丹东市" parentid="30" depth="2" filtertf="1"></item>
<item id="160" city="锦州市" parentid="30" depth="2" filtertf="1"></item>
<item id="161" city="营口市" parentid="30" depth="2" filtertf="1"></item>
<item id="162" city="阜新市" parentid="30" depth="2" filtertf="1"></item>
<item id="163" city="辽阳市" parentid="30" depth="2" filtertf="1"></item>
<item id="164" city="盘锦市" parentid="30" depth="2" filtertf="1"></item>
<item id="165" city="铁岭市" parentid="30" depth="2" filtertf="1"></item>
<item id="166" city="朝阳市" parentid="30" depth="2" filtertf="1"></item>
<item id="167" city="葫芦岛市" parentid="30" depth="2" filtertf="1"></item>
<item id="168" city="长春市" parentid="31" depth="2" filtertf="1"></item>
<item id="169" city="吉林市" parentid="31" depth="2" filtertf="1"></item>
<item id="170" city="四平市" parentid="31" depth="2" filtertf="1"></item>
<item id="171" city="辽源市" parentid="31" depth="2" filtertf="1"></item>
<item id="172" city="通化市" parentid="31" depth="2" filtertf="1"></item>
<item id="173" city="白山市" parentid="31" depth="2" filtertf="1"></item>
<item id="174" city="松原市" parentid="31" depth="2" filtertf="1"></item>
<item id="175" city="白城市" parentid="31" depth="2" filtertf="1"></item>
<item id="176" city="延边市" parentid="31" depth="2" filtertf="1"></item>
<item id="409" city="昆明市" parentid="32" depth="2" filtertf="1"></item>
<item id="410" city="大理市" parentid="32" depth="2" filtertf="1"></item>
<item id="411" city="曲靖市" parentid="32" depth="2" filtertf="1"></item>
<item id="412" city="玉溪市" parentid="32" depth="2" filtertf="1"></item>
<item id="413" city="昭通市" parentid="32" depth="2" filtertf="1"></item>
<item id="414" city="楚雄市" parentid="32" depth="2" filtertf="1"></item>
<item id="415" city="红河市" parentid="32" depth="2" filtertf="1"></item>
<item id="416" city="文山市" parentid="32" depth="2" filtertf="1"></item>
<item id="417" city="思茅市" parentid="32" depth="2" filtertf="1"></item>
<item id="418" city="西双版纳市" parentid="32" depth="2" filtertf="1"></item>
<item id="419" city="保山市" parentid="32" depth="2" filtertf="1"></item>
<item id="420" city="德宏市" parentid="32" depth="2" filtertf="1"></item>
<item id="421" city="丽江市" parentid="32" depth="2" filtertf="1"></item>
<item id="422" city="怒江市" parentid="32" depth="2" filtertf="1"></item>
<item id="423" city="迪庆市" parentid="32" depth="2" filtertf="1"></item>
<item id="424" city="临沧市" parentid="32" depth="2" filtertf="1"></item>
<item id="101" city="成都市" parentid="33" depth="2" filtertf="1"></item>
<item id="103" city="绵阳市" parentid="33" depth="2" filtertf="1"></item>
<item id="102" city="德阳市" parentid="33" depth="2" filtertf="1"></item>
<item id="386" city="自贡市" parentid="33" depth="2" filtertf="1"></item>
<item id="387" city="攀枝花市" parentid="33" depth="2" filtertf="1"></item>
<item id="388" city="广元市" parentid="33" depth="2" filtertf="1"></item>
<item id="389" city="内江市" parentid="33" depth="2" filtertf="1"></item>
<item id="390" city="乐山市" parentid="33" depth="2" filtertf="1"></item>
<item id="391" city="南充市" parentid="33" depth="2" filtertf="1"></item>
<item id="392" city="宜宾市" parentid="33" depth="2" filtertf="1"></item>
<item id="393" city="广安市" parentid="33" depth="2" filtertf="1"></item>
<item id="394" city="达川市" parentid="33" depth="2" filtertf="1"></item>
<item id="395" city="雅安市" parentid="33" depth="2" filtertf="1"></item>
<item id="396" city="眉山市" parentid="33" depth="2" filtertf="1"></item>
<item id="397" city="甘孜市" parentid="33" depth="2" filtertf="1"></item>
<item id="398" city="凉山市" parentid="33" depth="2" filtertf="1"></item>
<item id="399" city="泸州市" parentid="33" depth="2" filtertf="1"></item>
<item id="214" city="合肥市" parentid="34" depth="2" filtertf="1"></item>
<item id="215" city="芜湖市" parentid="34" depth="2" filtertf="1"></item>
<item id="216" city="蚌埠市" parentid="34" depth="2" filtertf="1"></item>
<item id="217" city="马鞍山市" parentid="34" depth="2" filtertf="1"></item>
<item id="218" city="淮北市" parentid="34" depth="2" filtertf="1"></item>
<item id="219" city="铜陵市" parentid="34" depth="2" filtertf="1"></item>
<item id="220" city="安庆市" parentid="34" depth="2" filtertf="1"></item>
<item id="221" city="黄山市" parentid="34" depth="2" filtertf="1"></item>
<item id="222" city="滁州市" parentid="34" depth="2" filtertf="1"></item>
<item id="223" city="宿州市" parentid="34" depth="2" filtertf="1"></item>
<item id="224" city="池州市" parentid="34" depth="2" filtertf="1"></item>
<item id="225" city="淮南市" parentid="34" depth="2" filtertf="1"></item>
<item id="226" city="巢湖市" parentid="34" depth="2" filtertf="1"></item>
<item id="227" city="阜阳市" parentid="34" depth="2" filtertf="1"></item>
<item id="228" city="六安市" parentid="34" depth="2" filtertf="1"></item>
<item id="229" city="宣城市" parentid="34" depth="2" filtertf="1"></item>
<item id="230" city="亳州市" parentid="34" depth="2" filtertf="1"></item>
<item id="240" city="南昌市" parentid="35" depth="2" filtertf="1"></item>
<item id="241" city="景德镇市" parentid="35" depth="2" filtertf="1"></item>
<item id="242" city="九江市" parentid="35" depth="2" filtertf="1"></item>
<item id="243" city="鹰潭市" parentid="35" depth="2" filtertf="1"></item>
<item id="244" city="萍乡市" parentid="35" depth="2" filtertf="1"></item>
<item id="245" city="新馀市" parentid="35" depth="2" filtertf="1"></item>
<item id="246" city="赣州市" parentid="35" depth="2" filtertf="1"></item>
<item id="247" city="吉安市" parentid="35" depth="2" filtertf="1"></item>
<item id="248" city="宜春市" parentid="35" depth="2" filtertf="1"></item>
<item id="249" city="抚州市" parentid="35" depth="2" filtertf="1"></item>
<item id="250" city="上饶市" parentid="35" depth="2" filtertf="1"></item>
<item id="177" city="哈尔滨市" parentid="36" depth="2" filtertf="1"></item>
<item id="178" city="齐齐哈尔市" parentid="36" depth="2" filtertf="1"></item>
<item id="179" city="牡丹江市" parentid="36" depth="2" filtertf="1"></item>
<item id="180" city="佳木斯市" parentid="36" depth="2" filtertf="1"></item>
<item id="181" city="大庆市" parentid="36" depth="2" filtertf="1"></item>
<item id="182" city="绥化市" parentid="36" depth="2" filtertf="1"></item>
<item id="183" city="鹤岗市" parentid="36" depth="2" filtertf="1"></item>
<item id="184" city="鸡西市" parentid="36" depth="2" filtertf="1"></item>
<item id="185" city="黑河市" parentid="36" depth="2" filtertf="1"></item>
<item id="186" city="双鸭山市" parentid="36" depth="2" filtertf="1"></item>
<item id="187" city="伊春市" parentid="36" depth="2" filtertf="1"></item>
<item id="188" city="七台河市" parentid="36" depth="2" filtertf="1"></item>
<item id="189" city="大兴安岭市" parentid="36" depth="2" filtertf="1"></item>
<item id="132" city="石家庄市" parentid="37" depth="2" filtertf="1"></item>
<item id="133" city="邯郸市" parentid="37" depth="2" filtertf="1"></item>
<item id="134" city="邢台市" parentid="37" depth="2" filtertf="1"></item>
<item id="135" city="保定市" parentid="37" depth="2" filtertf="1"></item>
<item id="136" city="张家口市" parentid="37" depth="2" filtertf="1"></item>
<item id="137" city="承德市" parentid="37" depth="2" filtertf="1"></item>
<item id="138" city="廊坊市" parentid="37" depth="2" filtertf="1"></item>
<item id="139" city="唐山市" parentid="37" depth="2" filtertf="1"></item>
<item id="140" city="秦皇岛市" parentid="37" depth="2" filtertf="1"></item>
<item id="141" city="沧州市" parentid="37" depth="2" filtertf="1"></item>
<item id="142" city="衡水市" parentid="37" depth="2" filtertf="1"></item>
<item id="350" city="西安市" parentid="38" depth="2" filtertf="1"></item>
<item id="351" city="宝鸡市" parentid="38" depth="2" filtertf="1"></item>
<item id="352" city="咸阳市" parentid="38" depth="2" filtertf="1"></item>
<item id="353" city="铜川市" parentid="38" depth="2" filtertf="1"></item>
<item id="354" city="渭南市" parentid="38" depth="2" filtertf="1"></item>
<item id="355" city="延安市" parentid="38" depth="2" filtertf="1"></item>
<item id="356" city="榆林市" parentid="38" depth="2" filtertf="1"></item>
<item id="357" city="汉中市" parentid="38" depth="2" filtertf="1"></item>
<item id="358" city="安康市" parentid="38" depth="2" filtertf="1"></item>
<item id="359" city="商洛市" parentid="38" depth="2" filtertf="1"></item>
<item id="432" city="海口市" parentid="39" depth="2" filtertf="1"></item>
<item id="433" city="三亚市" parentid="39" depth="2" filtertf="1"></item>
<item id="268" city="郑州市" parentid="40" depth="2" filtertf="1"></item>
<item id="269" city="开封市" parentid="40" depth="2" filtertf="1"></item>
<item id="270" city="洛阳市" parentid="40" depth="2" filtertf="1"></item>
<item id="271" city="平顶山市" parentid="40" depth="2" filtertf="1"></item>
<item id="272" city="安阳市" parentid="40" depth="2" filtertf="1"></item>
<item id="273" city="鹤壁市" parentid="40" depth="2" filtertf="1"></item>
<item id="274" city="新乡市" parentid="40" depth="2" filtertf="1"></item>
<item id="275" city="焦作市" parentid="40" depth="2" filtertf="1"></item>
<item id="276" city="濮阳市" parentid="40" depth="2" filtertf="1"></item>
<item id="277" city="许昌市" parentid="40" depth="2" filtertf="1"></item>
<item id="278" city="漯河市" parentid="40" depth="2" filtertf="1"></item>
<item id="279" city="三门峡市" parentid="40" depth="2" filtertf="1"></item>
<item id="280" city="南阳市" parentid="40" depth="2" filtertf="1"></item>
<item id="281" city="信阳市" parentid="40" depth="2" filtertf="1"></item>
<item id="282" city="周口市" parentid="40" depth="2" filtertf="1"></item>
<item id="283" city="驻马店市" parentid="40" depth="2" filtertf="1"></item>
<item id="284" city="济源市" parentid="40" depth="2" filtertf="1"></item>
<item id="143" city="太原市" parentid="41" depth="2" filtertf="1"></item>
<item id="144" city="大同市" parentid="41" depth="2" filtertf="1"></item>
<item id="145" city="阳泉市" parentid="41" depth="2" filtertf="1"></item>
<item id="146" city="长治市" parentid="41" depth="2" filtertf="1"></item>
<item id="147" city="晋城市" parentid="41" depth="2" filtertf="1"></item>
<item id="148" city="朔州市" parentid="41" depth="2" filtertf="1"></item>
<item id="149" city="吕梁市" parentid="41" depth="2" filtertf="1"></item>
<item id="150" city="忻州市" parentid="41" depth="2" filtertf="1"></item>
<item id="151" city="晋中市" parentid="41" depth="2" filtertf="1"></item>
<item id="152" city="临汾市" parentid="41" depth="2" filtertf="1"></item>
<item id="153" city="运城市" parentid="41" depth="2" filtertf="1"></item>
<item id="360" city="呼和浩特市" parentid="42" depth="2" filtertf="1"></item>
<item id="361" city="包头市" parentid="42" depth="2" filtertf="1"></item>
<item id="362" city="乌海市" parentid="42" depth="2" filtertf="1"></item>
<item id="363" city="集宁市" parentid="42" depth="2" filtertf="1"></item>
<item id="364" city="通辽市" parentid="42" depth="2" filtertf="1"></item>
<item id="365" city="赤峰市" parentid="42" depth="2" filtertf="1"></item>
<item id="366" city="呼伦贝尔盟" parentid="42" depth="2" filtertf="1"></item>
<item id="367" city="阿拉善盟" parentid="42" depth="2" filtertf="1"></item>
<item id="368" city="哲里木盟" parentid="42" depth="2" filtertf="1"></item>
<item id="369" city="兴安盟" parentid="42" depth="2" filtertf="1"></item>
<item id="370" city="乌兰察布盟" parentid="42" depth="2" filtertf="1"></item>
<item id="371" city="锡林郭勒盟" parentid="42" depth="2" filtertf="1"></item>
<item id="372" city="巴彦淖尔盟" parentid="42" depth="2" filtertf="1"></item>
<item id="373" city="伊克昭盟" parentid="42" depth="2" filtertf="1"></item>
<item id="374" city="南宁市" parentid="43" depth="2" filtertf="1"></item>
<item id="375" city="柳州市" parentid="43" depth="2" filtertf="1"></item>
<item id="376" city="桂林市" parentid="43" depth="2" filtertf="1"></item>
<item id="377" city="梧州市" parentid="43" depth="2" filtertf="1"></item>
<item id="378" city="北海市" parentid="43" depth="2" filtertf="1"></item>
<item id="379" city="防城港市" parentid="43" depth="2" filtertf="1"></item>
<item id="380" city="钦州市" parentid="43" depth="2" filtertf="1"></item>
<item id="381" city="贵港市" parentid="43" depth="2" filtertf="1"></item>
<item id="382" city="玉林市" parentid="43" depth="2" filtertf="1"></item>
<item id="383" city="贺州市" parentid="43" depth="2" filtertf="1"></item>
<item id="384" city="百色市" parentid="43" depth="2" filtertf="1"></item>
<item id="385" city="河池市" parentid="43" depth="2" filtertf="1"></item>
<item id="400" city="贵阳市" parentid="44" depth="2" filtertf="1"></item>
<item id="401" city="六盘水市" parentid="44" depth="2" filtertf="1"></item>
<item id="402" city="遵义市" parentid="44" depth="2" filtertf="1"></item>
<item id="403" city="安顺市" parentid="44" depth="2" filtertf="1"></item>
<item id="404" city="铜仁市" parentid="44" depth="2" filtertf="1"></item>
<item id="405" city="黔西南市" parentid="44" depth="2" filtertf="1"></item>
<item id="406" city="毕节市" parentid="44" depth="2" filtertf="1"></item>
<item id="407" city="黔东南市" parentid="44" depth="2" filtertf="1"></item>
<item id="408" city="黔南市" parentid="44" depth="2" filtertf="1"></item>
<item id="434" city="银川市" parentid="45" depth="2" filtertf="1"></item>
<item id="435" city="石嘴山市" parentid="45" depth="2" filtertf="1"></item>
<item id="436" city="吴忠市" parentid="45" depth="2" filtertf="1"></item>
<item id="437" city="固原市" parentid="45" depth="2" filtertf="1"></item>
<item id="438" city="西宁市" parentid="46" depth="2" filtertf="1"></item>
<item id="439" city="海东市" parentid="46" depth="2" filtertf="1"></item>
<item id="440" city="海南市" parentid="46" depth="2" filtertf="1"></item>
<item id="441" city="海北市" parentid="46" depth="2" filtertf="1"></item>
<item id="442" city="黄南市" parentid="46" depth="2" filtertf="1"></item>
<item id="443" city="玉树市" parentid="46" depth="2" filtertf="1"></item>
<item id="444" city="果洛市" parentid="46" depth="2" filtertf="1"></item>
<item id="445" city="海西市" parentid="46" depth="2" filtertf="1"></item>
<item id="446" city="乌鲁木齐市" parentid="47" depth="2" filtertf="1"></item>
<item id="447" city="石河子市" parentid="47" depth="2" filtertf="1"></item>
<item id="448" city="克拉玛依市" parentid="47" depth="2" filtertf="1"></item>
<item id="449" city="伊犁市" parentid="47" depth="2" filtertf="1"></item>
<item id="450" city="巴音郭勒市" parentid="47" depth="2" filtertf="1"></item>
<item id="451" city="昌吉市" parentid="47" depth="2" filtertf="1"></item>
<item id="452" city="克孜勒苏柯尔克孜市" parentid="47" depth="2" filtertf="1"></item>
<item id="453" city="博尔塔拉市" parentid="47" depth="2" filtertf="1"></item>
<item id="454" city="吐鲁番市" parentid="47" depth="2" filtertf="1"></item>
<item id="455" city="哈密市" parentid="47" depth="2" filtertf="1"></item>
<item id="456" city="喀什市" parentid="47" depth="2" filtertf="1"></item>
<item id="457" city="和田市" parentid="47" depth="2" filtertf="1"></item>
<item id="458" city="阿克苏市" parentid="47" depth="2" filtertf="1"></item>
<item id="425" city="拉萨市" parentid="48" depth="2" filtertf="1"></item>
<item id="426" city="日喀则市" parentid="48" depth="2" filtertf="1"></item>
<item id="427" city="山南市" parentid="48" depth="2" filtertf="1"></item>
<item id="428" city="林芝市" parentid="48" depth="2" filtertf="1"></item>
<item id="429" city="昌都市" parentid="48" depth="2" filtertf="1"></item>
<item id="430" city="阿里市" parentid="48" depth="2" filtertf="1"></item>
<item id="431" city="那曲市" parentid="48" depth="2" filtertf="1"></item>
<item id="336" city="兰州市" parentid="49" depth="2" filtertf="1"></item>
<item id="337" city="嘉峪关市" parentid="49" depth="2" filtertf="1"></item>
<item id="338" city="金昌市" parentid="49" depth="2" filtertf="1"></item>
<item id="339" city="白银市" parentid="49" depth="2" filtertf="1"></item>
<item id="340" city="天水市" parentid="49" depth="2" filtertf="1"></item>
<item id="341" city="酒泉市" parentid="49" depth="2" filtertf="1"></item>
<item id="342" city="张掖市" parentid="49" depth="2" filtertf="1"></item>
<item id="343" city="武威市" parentid="49" depth="2" filtertf="1"></item>
<item id="344" city="定西市" parentid="49" depth="2" filtertf="1"></item>
<item id="345" city="陇南市" parentid="49" depth="2" filtertf="1"></item>
<item id="346" city="平凉市" parentid="49" depth="2" filtertf="1"></item>
<item id="347" city="庆阳市" parentid="49" depth="2" filtertf="1"></item>
<item id="348" city="临夏市" parentid="49" depth="2" filtertf="1"></item>
<item id="349" city="甘南市" parentid="49" depth="2" filtertf="1"></item>
<item id="461" city="台北市" parentid="50" depth="2" filtertf="1"></item>
<item id="462" city="高雄市" parentid="50" depth="2" filtertf="1"></item>
<item id="463" city="台中市" parentid="50" depth="2" filtertf="1"></item>
<item id="464" city="台南市" parentid="50" depth="2" filtertf="1"></item>
<item id="465" city="屏东市" parentid="50" depth="2" filtertf="1"></item>
<item id="466" city="南投市" parentid="50" depth="2" filtertf="1"></item>
<item id="467" city="云林市" parentid="50" depth="2" filtertf="1"></item>
<item id="468" city="新竹市" parentid="50" depth="2" filtertf="1"></item>
<item id="469" city="彰化市" parentid="50" depth="2" filtertf="1"></item>
<item id="470" city="苗栗市" parentid="50" depth="2" filtertf="1"></item>
<item id="471" city="嘉义市" parentid="50" depth="2" filtertf="1"></item>
<item id="472" city="花莲市" parentid="50" depth="2" filtertf="1"></item>
<item id="473" city="桃园市" parentid="50" depth="2" filtertf="1"></item>
<item id="474" city="宜兰市" parentid="50" depth="2" filtertf="1"></item>
<item id="475" city="基隆市" parentid="50" depth="2" filtertf="1"></item>
<item id="476" city="台东市" parentid="50" depth="2" filtertf="1"></item>
<item id="477" city="金门市" parentid="50" depth="2" filtertf="1"></item>
<item id="478" city="马祖市" parentid="50" depth="2" filtertf="1"></item>
<item id="479" city="澎湖市" parentid="50" depth="2" filtertf="1"></item>
<item id="459" city="香港" parentid="51" depth="2" filtertf="1"></item>
<item id="460" city="奥门" parentid="52" depth="2" filtertf="1"></item>
<item id="128" city="北京" parentid="104" depth="2" filtertf="1"></item>
<item id="129" city="上海" parentid="105" depth="2" filtertf="1"></item>
<item id="493" city="aaaa" parentid="128" depth="3" filtertf="1"></item>
<item id="494" city="dsssd" parentid="128" depth="3" filtertf="1"></item>
<item id="495" city="1111" parentid="232" depth="3" filtertf="1"></item>
<item id="496" city="3333" parentid="232" depth="3" filtertf="1"></item>
</area>
