<?xml version="1.0" encoding="utf-8"?>
<website>
	<item id="694">
		<weburl></weburl>
	</item>
	<item id="735">
		<weburl></weburl>
	</item>
	<item id="11">
		<weburl></weburl>
	</item>
	<item id="664">
		<weburl></weburl>
	</item>
	<item id="1235">
		<weburl></weburl>
	</item>
	<item id="925">
		<weburl></weburl>
	</item>
	<item id="1443">
		<weburl></weburl>
	</item>
	<item id="670">
		<weburl></weburl>
	</item>
	<item id="1403">
		<weburl></weburl>
	</item>
	<item id="1444">
		<weburl></weburl>
	</item>
	<item id="1431">
		<weburl></weburl>
	</item>
	<item id="1497">
		<weburl></weburl>
	</item>
	<item id="1500">
		<weburl></weburl>
	</item>
	<item id="1501">
		<weburl></weburl>
	</item>
	<item id="1502">
		<weburl></weburl>
	</item>
	<item id="1413">
		<weburl></weburl>
	</item>
	<item id="1515">
		<weburl></weburl>
	</item>
	<item id="812">
		<weburl></weburl>
	</item>
	<item id="1530">
		<weburl></weburl>
	</item>
	<item id="1509">
		<weburl></weburl>
	</item>
	<item id="926">
		<weburl></weburl>
	</item>
	<item id="1533">
		<weburl></weburl>
	</item>
	<item id="1510">
		<weburl></weburl>
	</item>
	<item id="1508">
		<weburl></weburl>
	</item>
	<item id="1237">
		<weburl></weburl>
	</item>
	<item id="832">
		<weburl></weburl>
	</item>
	<item id="1511">
		<weburl></weburl>
	</item>
	<item id="1646">
		<weburl></weburl>
	</item>
	<item id="1647">
		<weburl></weburl>
	</item>
	<item id="719">
		<weburl></weburl>
	</item>
	<item id="1661">
		<weburl></weburl>
	</item>
</website>
