﻿<?xml version="1.0" encoding="utf-8" ?>
<brand>
<item id="52" classid="20130502333700"><brandname><![CDATA[ PUMA]]></brandname></item>
<item id="26" classid="20100565289455"><brandname><![CDATA[ 路易威登]]></brandname></item>
<item id="27" classid="20100565289455"><brandname><![CDATA[ 普拉达]]></brandname></item>
<item id="29" classid="20100565289455"><brandname><![CDATA[ D&G]]></brandname></item>
<item id="30" classid="20100565289455"><brandname><![CDATA[ 克洛伊]]></brandname></item>
<item id="31" classid="20131382798532"><brandname><![CDATA[ 蔻驰]]></brandname></item>
<item id="32" classid="20131382798532"><brandname><![CDATA[ 凯特·丝蓓]]></brandname></item>
<item id="50" classid="20144243946947"><brandname><![CDATA[ 友臣]]></brandname></item>
<item id="33" classid="20100565289455"><brandname><![CDATA[ 施华洛世奇]]></brandname></item>
<item id="34" classid="20102015134346"><brandname><![CDATA[ 兰蔻]]></brandname></item>
<item id="34" classid="20109305129087"><brandname><![CDATA[ 兰蔻]]></brandname></item>
<item id="34" classid="20101023051642"><brandname><![CDATA[ 兰蔻]]></brandname></item>
<item id="34" classid="20101736262956"><brandname><![CDATA[ 兰蔻]]></brandname></item>
<item id="34" classid="20107944666932"><brandname><![CDATA[ 兰蔻]]></brandname></item>
<item id="34" classid="20109501098028"><brandname><![CDATA[ 兰蔻]]></brandname></item>
<item id="34" classid="20102006117069"><brandname><![CDATA[ 兰蔻]]></brandname></item>
<item id="34" classid="20109014935339"><brandname><![CDATA[ 兰蔻]]></brandname></item>
<item id="34" classid="20105493667819"><brandname><![CDATA[ 兰蔻]]></brandname></item>
<item id="34" classid="20100021367531"><brandname><![CDATA[ 兰蔻]]></brandname></item>
<item id="34" classid="20106133159986"><brandname><![CDATA[ 兰蔻]]></brandname></item>
<item id="34" classid="20105321028339"><brandname><![CDATA[ 兰蔻]]></brandname></item>
<item id="34" classid="20102282491356"><brandname><![CDATA[ 兰蔻]]></brandname></item>
<item id="34" classid="20103069907015"><brandname><![CDATA[ 兰蔻]]></brandname></item>
<item id="34" classid="20105872750673"><brandname><![CDATA[ 兰蔻]]></brandname></item>
<item id="34" classid="20108535025823"><brandname><![CDATA[ 兰蔻]]></brandname></item>
<item id="34" classid="20104690768885"><brandname><![CDATA[ 兰蔻]]></brandname></item>
<item id="34" classid="20100849509939"><brandname><![CDATA[ 兰蔻]]></brandname></item>
<item id="34" classid="20101565250239"><brandname><![CDATA[ 兰蔻]]></brandname></item>
<item id="34" classid="20104854546757"><brandname><![CDATA[ 兰蔻]]></brandname></item>
<item id="34" classid="20102183250738"><brandname><![CDATA[ 兰蔻]]></brandname></item>
<item id="34" classid="20100171735727"><brandname><![CDATA[ 兰蔻]]></brandname></item>
<item id="34" classid="20104148936641"><brandname><![CDATA[ 兰蔻]]></brandname></item>
<item id="34" classid="20100479757920"><brandname><![CDATA[ 兰蔻]]></brandname></item>
<item id="34" classid="20105889444343"><brandname><![CDATA[ 兰蔻]]></brandname></item>
<item id="34" classid="20107308158443"><brandname><![CDATA[ 兰蔻]]></brandname></item>
<item id="34" classid="20107891517780"><brandname><![CDATA[ 兰蔻]]></brandname></item>
<item id="35" classid="20106133159986"><brandname><![CDATA[ 雅诗兰黛]]></brandname></item>
<item id="35" classid="20105321028339"><brandname><![CDATA[ 雅诗兰黛]]></brandname></item>
<item id="35" classid="20105872750673"><brandname><![CDATA[ 雅诗兰黛]]></brandname></item>
<item id="35" classid="20101736262956"><brandname><![CDATA[ 雅诗兰黛]]></brandname></item>
<item id="35" classid="20107944666932"><brandname><![CDATA[ 雅诗兰黛]]></brandname></item>
<item id="35" classid="20109501098028"><brandname><![CDATA[ 雅诗兰黛]]></brandname></item>
<item id="35" classid="20102006117069"><brandname><![CDATA[ 雅诗兰黛]]></brandname></item>
<item id="35" classid="20109014935339"><brandname><![CDATA[ 雅诗兰黛]]></brandname></item>
<item id="35" classid="20102282491356"><brandname><![CDATA[ 雅诗兰黛]]></brandname></item>
<item id="35" classid="20102015134346"><brandname><![CDATA[ 雅诗兰黛]]></brandname></item>
<item id="35" classid="20109305129087"><brandname><![CDATA[ 雅诗兰黛]]></brandname></item>
<item id="35" classid="20100021367531"><brandname><![CDATA[ 雅诗兰黛]]></brandname></item>
<item id="35" classid="20105493667819"><brandname><![CDATA[ 雅诗兰黛]]></brandname></item>
<item id="35" classid="20103069907015"><brandname><![CDATA[ 雅诗兰黛]]></brandname></item>
<item id="35" classid="20101023051642"><brandname><![CDATA[ 雅诗兰黛]]></brandname></item>
<item id="35" classid="20104690768885"><brandname><![CDATA[ 雅诗兰黛]]></brandname></item>
<item id="35" classid="20108535025823"><brandname><![CDATA[ 雅诗兰黛]]></brandname></item>
<item id="35" classid="20100849509939"><brandname><![CDATA[ 雅诗兰黛]]></brandname></item>
<item id="35" classid="20101565250239"><brandname><![CDATA[ 雅诗兰黛]]></brandname></item>
<item id="35" classid="20104854546757"><brandname><![CDATA[ 雅诗兰黛]]></brandname></item>
<item id="35" classid="20102183250738"><brandname><![CDATA[ 雅诗兰黛]]></brandname></item>
<item id="35" classid="20100171735727"><brandname><![CDATA[ 雅诗兰黛]]></brandname></item>
<item id="35" classid="20104148936641"><brandname><![CDATA[ 雅诗兰黛]]></brandname></item>
<item id="35" classid="20105889444343"><brandname><![CDATA[ 雅诗兰黛]]></brandname></item>
<item id="35" classid="20100479757920"><brandname><![CDATA[ 雅诗兰黛]]></brandname></item>
<item id="35" classid="20107891517780"><brandname><![CDATA[ 雅诗兰黛]]></brandname></item>
<item id="35" classid="20107308158443"><brandname><![CDATA[ 雅诗兰黛]]></brandname></item>
<item id="36" classid="20105493667819"><brandname><![CDATA[ 倩碧]]></brandname></item>
<item id="36" classid="20109305129087"><brandname><![CDATA[ 倩碧]]></brandname></item>
<item id="36" classid="20105872750673"><brandname><![CDATA[ 倩碧]]></brandname></item>
<item id="36" classid="20101023051642"><brandname><![CDATA[ 倩碧]]></brandname></item>
<item id="36" classid="20101736262956"><brandname><![CDATA[ 倩碧]]></brandname></item>
<item id="36" classid="20107944666932"><brandname><![CDATA[ 倩碧]]></brandname></item>
<item id="36" classid="20109501098028"><brandname><![CDATA[ 倩碧]]></brandname></item>
<item id="36" classid="20106133159986"><brandname><![CDATA[ 倩碧]]></brandname></item>
<item id="36" classid="20109014935339"><brandname><![CDATA[ 倩碧]]></brandname></item>
<item id="36" classid="20102282491356"><brandname><![CDATA[ 倩碧]]></brandname></item>
<item id="36" classid="20104690768885"><brandname><![CDATA[ 倩碧]]></brandname></item>
<item id="36" classid="20102015134346"><brandname><![CDATA[ 倩碧]]></brandname></item>
<item id="36" classid="20102006117069"><brandname><![CDATA[ 倩碧]]></brandname></item>
<item id="36" classid="20100849509939"><brandname><![CDATA[ 倩碧]]></brandname></item>
<item id="36" classid="20105321028339"><brandname><![CDATA[ 倩碧]]></brandname></item>
<item id="36" classid="20100021367531"><brandname><![CDATA[ 倩碧]]></brandname></item>
<item id="36" classid="20107891517780"><brandname><![CDATA[ 倩碧]]></brandname></item>
<item id="36" classid="20103069907015"><brandname><![CDATA[ 倩碧]]></brandname></item>
<item id="36" classid="20101565250239"><brandname><![CDATA[ 倩碧]]></brandname></item>
<item id="36" classid="20104854546757"><brandname><![CDATA[ 倩碧]]></brandname></item>
<item id="36" classid="20102183250738"><brandname><![CDATA[ 倩碧]]></brandname></item>
<item id="36" classid="20107308158443"><brandname><![CDATA[ 倩碧]]></brandname></item>
<item id="36" classid="20100171735727"><brandname><![CDATA[ 倩碧]]></brandname></item>
<item id="36" classid="20104148936641"><brandname><![CDATA[ 倩碧]]></brandname></item>
<item id="36" classid="20100479757920"><brandname><![CDATA[ 倩碧]]></brandname></item>
<item id="36" classid="20105889444343"><brandname><![CDATA[ 倩碧]]></brandname></item>
<item id="36" classid="20108535025823"><brandname><![CDATA[ 倩碧]]></brandname></item>
<item id="37" classid="20100862274011"><brandname><![CDATA[ 耐克]]></brandname></item>
<item id="37" classid="20109040957493"><brandname><![CDATA[ 耐克]]></brandname></item>
<item id="37" classid="20101356956871"><brandname><![CDATA[ 耐克]]></brandname></item>
<item id="37" classid="20101297702032"><brandname><![CDATA[ 耐克]]></brandname></item>
<item id="37" classid="20108994890939"><brandname><![CDATA[ 耐克]]></brandname></item>
<item id="37" classid="20103808887057"><brandname><![CDATA[ 耐克]]></brandname></item>
<item id="37" classid="20109454697108"><brandname><![CDATA[ 耐克]]></brandname></item>
<item id="37" classid="20102339243911"><brandname><![CDATA[ 耐克]]></brandname></item>
<item id="37" classid="20101035272683"><brandname><![CDATA[ 耐克]]></brandname></item>
<item id="37" classid="20104437837156"><brandname><![CDATA[ 耐克]]></brandname></item>
<item id="37" classid="20108949640967"><brandname><![CDATA[ 耐克]]></brandname></item>
<item id="37" classid="20106964159189"><brandname><![CDATA[ 耐克]]></brandname></item>
<item id="38" classid="20131757835209"><brandname><![CDATA[ 阿迪达斯]]></brandname></item>
<item id="37" classid="20101266895693"><brandname><![CDATA[ 耐克]]></brandname></item>
<item id="37" classid="20101892645525"><brandname><![CDATA[ 耐克]]></brandname></item>
<item id="37" classid="20107144408153"><brandname><![CDATA[ 耐克]]></brandname></item>
<item id="37" classid="20105018142306"><brandname><![CDATA[ 耐克]]></brandname></item>
<item id="37" classid="20106019181183"><brandname><![CDATA[ 耐克]]></brandname></item>
<item id="37" classid="20103891230750"><brandname><![CDATA[ 耐克]]></brandname></item>
<item id="37" classid="20105945030303"><brandname><![CDATA[ 耐克]]></brandname></item>
<item id="37" classid="20103418130227"><brandname><![CDATA[ 耐克]]></brandname></item>
<item id="37" classid="20105127297790"><brandname><![CDATA[ 耐克]]></brandname></item>
<item id="37" classid="20106437864066"><brandname><![CDATA[ 耐克]]></brandname></item>
<item id="37" classid="20100841001138"><brandname><![CDATA[ 耐克]]></brandname></item>
<item id="37" classid="20100202122849"><brandname><![CDATA[ 耐克]]></brandname></item>
<item id="37" classid="20103148503263"><brandname><![CDATA[ 耐克]]></brandname></item>
<item id="37" classid="20101633992976"><brandname><![CDATA[ 耐克]]></brandname></item>
<item id="37" classid="20104245948866"><brandname><![CDATA[ 耐克]]></brandname></item>
<item id="37" classid="20103741035482"><brandname><![CDATA[ 耐克]]></brandname></item>
<item id="37" classid="20106185628338"><brandname><![CDATA[ 耐克]]></brandname></item>
<item id="39" classid="20131757835209"><brandname><![CDATA[ NIKE360]]></brandname></item>
<item id="40" classid="20100862274011"><brandname><![CDATA[ 背靠背]]></brandname></item>
<item id="40" classid="20101266895693"><brandname><![CDATA[ 背靠背]]></brandname></item>
<item id="40" classid="20101633992976"><brandname><![CDATA[ 背靠背]]></brandname></item>
<item id="40" classid="20101297702032"><brandname><![CDATA[ 背靠背]]></brandname></item>
<item id="40" classid="20103808887057"><brandname><![CDATA[ 背靠背]]></brandname></item>
<item id="40" classid="20108994890939"><brandname><![CDATA[ 背靠背]]></brandname></item>
<item id="40" classid="20101356956871"><brandname><![CDATA[ 背靠背]]></brandname></item>
<item id="40" classid="20109454697108"><brandname><![CDATA[ 背靠背]]></brandname></item>
<item id="40" classid="20102339243911"><brandname><![CDATA[ 背靠背]]></brandname></item>
<item id="40" classid="20104437837156"><brandname><![CDATA[ 背靠背]]></brandname></item>
<item id="40" classid="20106964159189"><brandname><![CDATA[ 背靠背]]></brandname></item>
<item id="40" classid="20107144408153"><brandname><![CDATA[ 背靠背]]></brandname></item>
<item id="40" classid="20109040957493"><brandname><![CDATA[ 背靠背]]></brandname></item>
<item id="40" classid="20108949640967"><brandname><![CDATA[ 背靠背]]></brandname></item>
<item id="40" classid="20103418130227"><brandname><![CDATA[ 背靠背]]></brandname></item>
<item id="40" classid="20100202122849"><brandname><![CDATA[ 背靠背]]></brandname></item>
<item id="40" classid="20101035272683"><brandname><![CDATA[ 背靠背]]></brandname></item>
<item id="40" classid="20105018142306"><brandname><![CDATA[ 背靠背]]></brandname></item>
<item id="40" classid="20106019181183"><brandname><![CDATA[ 背靠背]]></brandname></item>
<item id="40" classid="20103891230750"><brandname><![CDATA[ 背靠背]]></brandname></item>
<item id="40" classid="20105945030303"><brandname><![CDATA[ 背靠背]]></brandname></item>
<item id="40" classid="20101892645525"><brandname><![CDATA[ 背靠背]]></brandname></item>
<item id="40" classid="20105127297790"><brandname><![CDATA[ 背靠背]]></brandname></item>
<item id="40" classid="20100841001138"><brandname><![CDATA[ 背靠背]]></brandname></item>
<item id="40" classid="20106185628338"><brandname><![CDATA[ 背靠背]]></brandname></item>
<item id="40" classid="20103741035482"><brandname><![CDATA[ 背靠背]]></brandname></item>
<item id="40" classid="20104245948866"><brandname><![CDATA[ 背靠背]]></brandname></item>
<item id="40" classid="20103148503263"><brandname><![CDATA[ 背靠背]]></brandname></item>
<item id="40" classid="20106437864066"><brandname><![CDATA[ 背靠背]]></brandname></item>
<item id="41" classid="20128968505015"><brandname><![CDATA[ 盘古]]></brandname></item>
<item id="41" classid="20125061317080"><brandname><![CDATA[ 盘古]]></brandname></item>
<item id="41" classid="20126385838919"><brandname><![CDATA[ 盘古]]></brandname></item>
<item id="41" classid="20123120661910"><brandname><![CDATA[ 盘古]]></brandname></item>
<item id="41" classid="20121499635137"><brandname><![CDATA[ 盘古]]></brandname></item>
<item id="41" classid="20121047364666"><brandname><![CDATA[ 盘古]]></brandname></item>
<item id="41" classid="20123095461780"><brandname><![CDATA[ 盘古]]></brandname></item>
<item id="41" classid="20120104692200"><brandname><![CDATA[ 盘古]]></brandname></item>
<item id="41" classid="20123414972622"><brandname><![CDATA[ 盘古]]></brandname></item>
<item id="41" classid="20129644423373"><brandname><![CDATA[ 盘古]]></brandname></item>
<item id="41" classid="20121503504454"><brandname><![CDATA[ 盘古]]></brandname></item>
<item id="41" classid="20124987937666"><brandname><![CDATA[ 盘古]]></brandname></item>
<item id="41" classid="20129846114398"><brandname><![CDATA[ 盘古]]></brandname></item>
<item id="41" classid="20126615518223"><brandname><![CDATA[ 盘古]]></brandname></item>
<item id="41" classid="20123725649744"><brandname><![CDATA[ 盘古]]></brandname></item>
<item id="41" classid="20126778164816"><brandname><![CDATA[ 盘古]]></brandname></item>
<item id="41" classid="20127031568382"><brandname><![CDATA[ 盘古]]></brandname></item>
<item id="41" classid="20129110929750"><brandname><![CDATA[ 盘古]]></brandname></item>
<item id="41" classid="20121647742391"><brandname><![CDATA[ 盘古]]></brandname></item>
<item id="41" classid="20124069731427"><brandname><![CDATA[ 盘古]]></brandname></item>
<item id="41" classid="20123658366110"><brandname><![CDATA[ 盘古]]></brandname></item>
<item id="41" classid="20129437908271"><brandname><![CDATA[ 盘古]]></brandname></item>
<item id="41" classid="20120718793110"><brandname><![CDATA[ 盘古]]></brandname></item>
<item id="41" classid="20122954878645"><brandname><![CDATA[ 盘古]]></brandname></item>
<item id="41" classid="20122892869841"><brandname><![CDATA[ 盘古]]></brandname></item>
<item id="41" classid="20126642119360"><brandname><![CDATA[ 盘古]]></brandname></item>
<item id="41" classid="20128820287666"><brandname><![CDATA[ 盘古]]></brandname></item>
<item id="41" classid="20127419812459"><brandname><![CDATA[ 盘古]]></brandname></item>
<item id="41" classid="20127613700825"><brandname><![CDATA[ 盘古]]></brandname></item>
<item id="41" classid="20123227234214"><brandname><![CDATA[ 盘古]]></brandname></item>
<item id="41" classid="20129471880916"><brandname><![CDATA[ 盘古]]></brandname></item>
<item id="41" classid="20124746431378"><brandname><![CDATA[ 盘古]]></brandname></item>
<item id="41" classid="20126610183076"><brandname><![CDATA[ 盘古]]></brandname></item>
<item id="41" classid="20125047046830"><brandname><![CDATA[ 盘古]]></brandname></item>
<item id="41" classid="20125672194638"><brandname><![CDATA[ 盘古]]></brandname></item>
<item id="41" classid="20123951685444"><brandname><![CDATA[ 盘古]]></brandname></item>
<item id="41" classid="20128726231191"><brandname><![CDATA[ 盘古]]></brandname></item>
<item id="41" classid="20125192770253"><brandname><![CDATA[ 盘古]]></brandname></item>
<item id="41" classid="20120130510984"><brandname><![CDATA[ 盘古]]></brandname></item>
<item id="41" classid="20126107055506"><brandname><![CDATA[ 盘古]]></brandname></item>
<item id="41" classid="20129031363669"><brandname><![CDATA[ 盘古]]></brandname></item>
<item id="41" classid="20129516016668"><brandname><![CDATA[ 盘古]]></brandname></item>
<item id="41" classid="20123828911862"><brandname><![CDATA[ 盘古]]></brandname></item>
<item id="41" classid="20126038986036"><brandname><![CDATA[ 盘古]]></brandname></item>
<item id="41" classid="20128866539961"><brandname><![CDATA[ 盘古]]></brandname></item>
<item id="41" classid="20124376776197"><brandname><![CDATA[ 盘古]]></brandname></item>
<item id="41" classid="20122221183332"><brandname><![CDATA[ 盘古]]></brandname></item>
<item id="41" classid="20124773442796"><brandname><![CDATA[ 盘古]]></brandname></item>
<item id="41" classid="20106315753206"><brandname><![CDATA[ 盘古]]></brandname></item>
<item id="41" classid="20125960044455"><brandname><![CDATA[ 盘古]]></brandname></item>
<item id="41" classid="20126703892027"><brandname><![CDATA[ 盘古]]></brandname></item>
<item id="41" classid="20125836447706"><brandname><![CDATA[ 盘古]]></brandname></item>
<item id="41" classid="20124114329474"><brandname><![CDATA[ 盘古]]></brandname></item>
<item id="41" classid="20124430083401"><brandname><![CDATA[ 盘古]]></brandname></item>
<item id="41" classid="20127181921694"><brandname><![CDATA[ 盘古]]></brandname></item>
<item id="41" classid="20123635273131"><brandname><![CDATA[ 盘古]]></brandname></item>
<item id="41" classid="20127264232012"><brandname><![CDATA[ 盘古]]></brandname></item>
<item id="41" classid="20122044874073"><brandname><![CDATA[ 盘古]]></brandname></item>
<item id="41" classid="20120332410850"><brandname><![CDATA[ 盘古]]></brandname></item>
<item id="41" classid="20120561886444"><brandname><![CDATA[ 盘古]]></brandname></item>
<item id="41" classid="20126267580730"><brandname><![CDATA[ 盘古]]></brandname></item>
<item id="41" classid="20122636887880"><brandname><![CDATA[ 盘古]]></brandname></item>
<item id="41" classid="20128164305569"><brandname><![CDATA[ 盘古]]></brandname></item>
<item id="41" classid="20120009247425"><brandname><![CDATA[ 盘古]]></brandname></item>
<item id="41" classid="20126873892171"><brandname><![CDATA[ 盘古]]></brandname></item>
<item id="41" classid="20121080046305"><brandname><![CDATA[ 盘古]]></brandname></item>
<item id="41" classid="20125404392720"><brandname><![CDATA[ 盘古]]></brandname></item>
<item id="41" classid="20122356249393"><brandname><![CDATA[ 盘古]]></brandname></item>
<item id="41" classid="20128703716363"><brandname><![CDATA[ 盘古]]></brandname></item>
<item id="41" classid="20128070531845"><brandname><![CDATA[ 盘古]]></brandname></item>
<item id="41" classid="20125456526606"><brandname><![CDATA[ 盘古]]></brandname></item>
<item id="41" classid="20126064123607"><brandname><![CDATA[ 盘古]]></brandname></item>
<item id="41" classid="20121075985898"><brandname><![CDATA[ 盘古]]></brandname></item>
<item id="41" classid="20129710718799"><brandname><![CDATA[ 盘古]]></brandname></item>
<item id="41" classid="20125066332379"><brandname><![CDATA[ 盘古]]></brandname></item>
<item id="41" classid="20120117351658"><brandname><![CDATA[ 盘古]]></brandname></item>
<item id="41" classid="20122961300324"><brandname><![CDATA[ 盘古]]></brandname></item>
<item id="41" classid="20124533937496"><brandname><![CDATA[ 盘古]]></brandname></item>
<item id="41" classid="20123197785979"><brandname><![CDATA[ 盘古]]></brandname></item>
<item id="41" classid="20120419005096"><brandname><![CDATA[ 盘古]]></brandname></item>
<item id="41" classid="20129707913538"><brandname><![CDATA[ 盘古]]></brandname></item>
<item id="41" classid="20127542646539"><brandname><![CDATA[ 盘古]]></brandname></item>
<item id="41" classid="20127160298520"><brandname><![CDATA[ 盘古]]></brandname></item>
<item id="41" classid="20124007120137"><brandname><![CDATA[ 盘古]]></brandname></item>
<item id="41" classid="20120338560723"><brandname><![CDATA[ 盘古]]></brandname></item>
<item id="41" classid="20128725875700"><brandname><![CDATA[ 盘古]]></brandname></item>
<item id="41" classid="20122715877466"><brandname><![CDATA[ 盘古]]></brandname></item>
<item id="41" classid="20127285239175"><brandname><![CDATA[ 盘古]]></brandname></item>
<item id="41" classid="20131757835209"><brandname><![CDATA[ 盘古]]></brandname></item>
<item id="41" classid="20120664035312"><brandname><![CDATA[ 盘古]]></brandname></item>
<item id="41" classid="20129253760006"><brandname><![CDATA[ 盘古]]></brandname></item>
<item id="41" classid="20125033202077"><brandname><![CDATA[ 盘古]]></brandname></item>
<item id="41" classid="20120424392548"><brandname><![CDATA[ 盘古]]></brandname></item>
<item id="41" classid="20128500970159"><brandname><![CDATA[ 盘古]]></brandname></item>
<item id="41" classid="20120143184523"><brandname><![CDATA[ 盘古]]></brandname></item>
<item id="41" classid="20125657830437"><brandname><![CDATA[ 盘古]]></brandname></item>
<item id="41" classid="20124890218847"><brandname><![CDATA[ 盘古]]></brandname></item>
<item id="41" classid="20129092575666"><brandname><![CDATA[ 盘古]]></brandname></item>
<item id="41" classid="20126117604592"><brandname><![CDATA[ 盘古]]></brandname></item>
<item id="41" classid="20129205463142"><brandname><![CDATA[ 盘古]]></brandname></item>
<item id="41" classid="20120676084545"><brandname><![CDATA[ 盘古]]></brandname></item>
<item id="41" classid="20126641890078"><brandname><![CDATA[ 盘古]]></brandname></item>
<item id="41" classid="20124101779103"><brandname><![CDATA[ 盘古]]></brandname></item>
<item id="41" classid="20129195468503"><brandname><![CDATA[ 盘古]]></brandname></item>
<item id="41" classid="20126940281514"><brandname><![CDATA[ 盘古]]></brandname></item>
<item id="41" classid="20128867728233"><brandname><![CDATA[ 盘古]]></brandname></item>
<item id="41" classid="20122009826151"><brandname><![CDATA[ 盘古]]></brandname></item>
<item id="41" classid="20127443032184"><brandname><![CDATA[ 盘古]]></brandname></item>
<item id="41" classid="20129817550071"><brandname><![CDATA[ 盘古]]></brandname></item>
<item id="41" classid="20124214354192"><brandname><![CDATA[ 盘古]]></brandname></item>
<item id="41" classid="20120916932383"><brandname><![CDATA[ 盘古]]></brandname></item>
<item id="41" classid="20122406787114"><brandname><![CDATA[ 盘古]]></brandname></item>
<item id="41" classid="20127134431141"><brandname><![CDATA[ 盘古]]></brandname></item>
<item id="41" classid="20124144662662"><brandname><![CDATA[ 盘古]]></brandname></item>
<item id="41" classid="20129381775422"><brandname><![CDATA[ 盘古]]></brandname></item>
<item id="41" classid="20129287890318"><brandname><![CDATA[ 盘古]]></brandname></item>
<item id="41" classid="20120632701724"><brandname><![CDATA[ 盘古]]></brandname></item>
<item id="41" classid="20127032839596"><brandname><![CDATA[ 盘古]]></brandname></item>
<item id="41" classid="20129603175506"><brandname><![CDATA[ 盘古]]></brandname></item>
<item id="41" classid="20122570534062"><brandname><![CDATA[ 盘古]]></brandname></item>
<item id="41" classid="20123363158613"><brandname><![CDATA[ 盘古]]></brandname></item>
<item id="41" classid="20122858442504"><brandname><![CDATA[ 盘古]]></brandname></item>
<item id="41" classid="20123585320944"><brandname><![CDATA[ 盘古]]></brandname></item>
<item id="41" classid="20123260420041"><brandname><![CDATA[ 盘古]]></brandname></item>
<item id="41" classid="20127235067308"><brandname><![CDATA[ 盘古]]></brandname></item>
<item id="41" classid="20126488759405"><brandname><![CDATA[ 盘古]]></brandname></item>
<item id="41" classid="20120787129827"><brandname><![CDATA[ 盘古]]></brandname></item>
<item id="41" classid="20123876898468"><brandname><![CDATA[ 盘古]]></brandname></item>
<item id="41" classid="20127214462711"><brandname><![CDATA[ 盘古]]></brandname></item>
<item id="41" classid="20124386807885"><brandname><![CDATA[ 盘古]]></brandname></item>
<item id="41" classid="20122116132742"><brandname><![CDATA[ 盘古]]></brandname></item>
<item id="41" classid="20126102106479"><brandname><![CDATA[ 盘古]]></brandname></item>
<item id="41" classid="20123166729001"><brandname><![CDATA[ 盘古]]></brandname></item>
<item id="41" classid="20127706788983"><brandname><![CDATA[ 盘古]]></brandname></item>
<item id="42" classid="20131757835209"><brandname><![CDATA[ TCL]]></brandname></item>
<item id="43" classid="20120787129827"><brandname><![CDATA[ 索尼]]></brandname></item>
<item id="43" classid="20123585320944"><brandname><![CDATA[ 索尼]]></brandname></item>
<item id="43" classid="20127706788983"><brandname><![CDATA[ 索尼]]></brandname></item>
<item id="43" classid="20123166729001"><brandname><![CDATA[ 索尼]]></brandname></item>
<item id="43" classid="20126102106479"><brandname><![CDATA[ 索尼]]></brandname></item>
<item id="43" classid="20129603175506"><brandname><![CDATA[ 索尼]]></brandname></item>
<item id="43" classid="20122116132742"><brandname><![CDATA[ 索尼]]></brandname></item>
<item id="43" classid="20127285239175"><brandname><![CDATA[ 索尼]]></brandname></item>
<item id="43" classid="20124386807885"><brandname><![CDATA[ 索尼]]></brandname></item>
<item id="43" classid="20123260420041"><brandname><![CDATA[ 索尼]]></brandname></item>
<item id="43" classid="20123876898468"><brandname><![CDATA[ 索尼]]></brandname></item>
<item id="43" classid="20129817550071"><brandname><![CDATA[ 索尼]]></brandname></item>
<item id="43" classid="20126488759405"><brandname><![CDATA[ 索尼]]></brandname></item>
<item id="43" classid="20127235067308"><brandname><![CDATA[ 索尼]]></brandname></item>
<item id="43" classid="20127214462711"><brandname><![CDATA[ 索尼]]></brandname></item>
<item id="43" classid="20124214354192"><brandname><![CDATA[ 索尼]]></brandname></item>
<item id="43" classid="20122858442504"><brandname><![CDATA[ 索尼]]></brandname></item>
<item id="43" classid="20122715877466"><brandname><![CDATA[ 索尼]]></brandname></item>
<item id="43" classid="20120632701724"><brandname><![CDATA[ 索尼]]></brandname></item>
<item id="43" classid="20127443032184"><brandname><![CDATA[ 索尼]]></brandname></item>
<item id="43" classid="20124144662662"><brandname><![CDATA[ 索尼]]></brandname></item>
<item id="43" classid="20127134431141"><brandname><![CDATA[ 索尼]]></brandname></item>
<item id="43" classid="20125960044455"><brandname><![CDATA[ 索尼]]></brandname></item>
<item id="43" classid="20124101779103"><brandname><![CDATA[ 索尼]]></brandname></item>
<item id="43" classid="20129195468503"><brandname><![CDATA[ 索尼]]></brandname></item>
<item id="43" classid="20123363158613"><brandname><![CDATA[ 索尼]]></brandname></item>
<item id="43" classid="20127032839596"><brandname><![CDATA[ 索尼]]></brandname></item>
<item id="43" classid="20120916932383"><brandname><![CDATA[ 索尼]]></brandname></item>
<item id="43" classid="20122009826151"><brandname><![CDATA[ 索尼]]></brandname></item>
<item id="43" classid="20128867728233"><brandname><![CDATA[ 索尼]]></brandname></item>
<item id="43" classid="20126940281514"><brandname><![CDATA[ 索尼]]></brandname></item>
<item id="43" classid="20122406787114"><brandname><![CDATA[ 索尼]]></brandname></item>
<item id="43" classid="20128725875700"><brandname><![CDATA[ 索尼]]></brandname></item>
<item id="43" classid="20129287890318"><brandname><![CDATA[ 索尼]]></brandname></item>
<item id="43" classid="20120143184523"><brandname><![CDATA[ 索尼]]></brandname></item>
<item id="43" classid="20124533937496"><brandname><![CDATA[ 索尼]]></brandname></item>
<item id="43" classid="20129205463142"><brandname><![CDATA[ 索尼]]></brandname></item>
<item id="43" classid="20126117604592"><brandname><![CDATA[ 索尼]]></brandname></item>
<item id="43" classid="20129092575666"><brandname><![CDATA[ 索尼]]></brandname></item>
<item id="43" classid="20125033202077"><brandname><![CDATA[ 索尼]]></brandname></item>
<item id="43" classid="20125657830437"><brandname><![CDATA[ 索尼]]></brandname></item>
<item id="43" classid="20125456526606"><brandname><![CDATA[ 索尼]]></brandname></item>
<item id="43" classid="20128500970159"><brandname><![CDATA[ 索尼]]></brandname></item>
<item id="43" classid="20126641890078"><brandname><![CDATA[ 索尼]]></brandname></item>
<item id="43" classid="20123227234214"><brandname><![CDATA[ 索尼]]></brandname></item>
<item id="43" classid="20129253760006"><brandname><![CDATA[ 索尼]]></brandname></item>
<item id="43" classid="20129644423373"><brandname><![CDATA[ 索尼]]></brandname></item>
<item id="43" classid="20120664035312"><brandname><![CDATA[ 索尼]]></brandname></item>
<item id="43" classid="20124890218847"><brandname><![CDATA[ 索尼]]></brandname></item>
<item id="43" classid="20128070531845"><brandname><![CDATA[ 索尼]]></brandname></item>
<item id="43" classid="20129381775422"><brandname><![CDATA[ 索尼]]></brandname></item>
<item id="43" classid="20120117351658"><brandname><![CDATA[ 索尼]]></brandname></item>
<item id="43" classid="20124007120137"><brandname><![CDATA[ 索尼]]></brandname></item>
<item id="43" classid="20127160298520"><brandname><![CDATA[ 索尼]]></brandname></item>
<item id="43" classid="20127542646539"><brandname><![CDATA[ 索尼]]></brandname></item>
<item id="43" classid="20129707913538"><brandname><![CDATA[ 索尼]]></brandname></item>
<item id="43" classid="20120424392548"><brandname><![CDATA[ 索尼]]></brandname></item>
<item id="43" classid="20123197785979"><brandname><![CDATA[ 索尼]]></brandname></item>
<item id="43" classid="20120676084545"><brandname><![CDATA[ 索尼]]></brandname></item>
<item id="43" classid="20122961300324"><brandname><![CDATA[ 索尼]]></brandname></item>
<item id="43" classid="20120338560723"><brandname><![CDATA[ 索尼]]></brandname></item>
<item id="43" classid="20125066332379"><brandname><![CDATA[ 索尼]]></brandname></item>
<item id="43" classid="20129710718799"><brandname><![CDATA[ 索尼]]></brandname></item>
<item id="43" classid="20121075985898"><brandname><![CDATA[ 索尼]]></brandname></item>
<item id="43" classid="20126064123607"><brandname><![CDATA[ 索尼]]></brandname></item>
<item id="43" classid="20122570534062"><brandname><![CDATA[ 索尼]]></brandname></item>
<item id="43" classid="20120419005096"><brandname><![CDATA[ 索尼]]></brandname></item>
<item id="43" classid="20124069731427"><brandname><![CDATA[ 索尼]]></brandname></item>
<item id="43" classid="20126267580730"><brandname><![CDATA[ 索尼]]></brandname></item>
<item id="43" classid="20126038986036"><brandname><![CDATA[ 索尼]]></brandname></item>
<item id="43" classid="20125404392720"><brandname><![CDATA[ 索尼]]></brandname></item>
<item id="43" classid="20121080046305"><brandname><![CDATA[ 索尼]]></brandname></item>
<item id="43" classid="20126873892171"><brandname><![CDATA[ 索尼]]></brandname></item>
<item id="43" classid="20127181921694"><brandname><![CDATA[ 索尼]]></brandname></item>
<item id="43" classid="20128164305569"><brandname><![CDATA[ 索尼]]></brandname></item>
<item id="43" classid="20128726231191"><brandname><![CDATA[ 索尼]]></brandname></item>
<item id="43" classid="20125836447706"><brandname><![CDATA[ 索尼]]></brandname></item>
<item id="43" classid="20120561886444"><brandname><![CDATA[ 索尼]]></brandname></item>
<item id="43" classid="20128703716363"><brandname><![CDATA[ 索尼]]></brandname></item>
<item id="43" classid="20122044874073"><brandname><![CDATA[ 索尼]]></brandname></item>
<item id="43" classid="20127264232012"><brandname><![CDATA[ 索尼]]></brandname></item>
<item id="43" classid="20123635273131"><brandname><![CDATA[ 索尼]]></brandname></item>
<item id="43" classid="20120104692200"><brandname><![CDATA[ 索尼]]></brandname></item>
<item id="43" classid="20129031363669"><brandname><![CDATA[ 索尼]]></brandname></item>
<item id="43" classid="20106315753206"><brandname><![CDATA[ 索尼]]></brandname></item>
<item id="43" classid="20124773442796"><brandname><![CDATA[ 索尼]]></brandname></item>
<item id="43" classid="20122221183332"><brandname><![CDATA[ 索尼]]></brandname></item>
<item id="43" classid="20124376776197"><brandname><![CDATA[ 索尼]]></brandname></item>
<item id="43" classid="20128866539961"><brandname><![CDATA[ 索尼]]></brandname></item>
<item id="43" classid="20125672194638"><brandname><![CDATA[ 索尼]]></brandname></item>
<item id="43" classid="20120332410850"><brandname><![CDATA[ 索尼]]></brandname></item>
<item id="43" classid="20126703892027"><brandname><![CDATA[ 索尼]]></brandname></item>
<item id="43" classid="20123951685444"><brandname><![CDATA[ 索尼]]></brandname></item>
<item id="43" classid="20126107055506"><brandname><![CDATA[ 索尼]]></brandname></item>
<item id="43" classid="20129110929750"><brandname><![CDATA[ 索尼]]></brandname></item>
<item id="43" classid="20120130510984"><brandname><![CDATA[ 索尼]]></brandname></item>
<item id="43" classid="20129516016668"><brandname><![CDATA[ 索尼]]></brandname></item>
<item id="43" classid="20125192770253"><brandname><![CDATA[ 索尼]]></brandname></item>
<item id="43" classid="20122636887880"><brandname><![CDATA[ 索尼]]></brandname></item>
<item id="43" classid="20123828911862"><brandname><![CDATA[ 索尼]]></brandname></item>
<item id="43" classid="20128820287666"><brandname><![CDATA[ 索尼]]></brandname></item>
<item id="43" classid="20126642119360"><brandname><![CDATA[ 索尼]]></brandname></item>
<item id="43" classid="20126610183076"><brandname><![CDATA[ 索尼]]></brandname></item>
<item id="43" classid="20124746431378"><brandname><![CDATA[ 索尼]]></brandname></item>
<item id="43" classid="20129471880916"><brandname><![CDATA[ 索尼]]></brandname></item>
<item id="43" classid="20127613700825"><brandname><![CDATA[ 索尼]]></brandname></item>
<item id="43" classid="20124987937666"><brandname><![CDATA[ 索尼]]></brandname></item>
<item id="43" classid="20124430083401"><brandname><![CDATA[ 索尼]]></brandname></item>
<item id="43" classid="20127419812459"><brandname><![CDATA[ 索尼]]></brandname></item>
<item id="43" classid="20120009247425"><brandname><![CDATA[ 索尼]]></brandname></item>
<item id="43" classid="20122892869841"><brandname><![CDATA[ 索尼]]></brandname></item>
<item id="43" classid="20125047046830"><brandname><![CDATA[ 索尼]]></brandname></item>
<item id="43" classid="20120718793110"><brandname><![CDATA[ 索尼]]></brandname></item>
<item id="43" classid="20129437908271"><brandname><![CDATA[ 索尼]]></brandname></item>
<item id="43" classid="20123658366110"><brandname><![CDATA[ 索尼]]></brandname></item>
<item id="43" classid="20122954878645"><brandname><![CDATA[ 索尼]]></brandname></item>
<item id="43" classid="20129846114398"><brandname><![CDATA[ 索尼]]></brandname></item>
<item id="43" classid="20127031568382"><brandname><![CDATA[ 索尼]]></brandname></item>
<item id="43" classid="20128968505015"><brandname><![CDATA[ 索尼]]></brandname></item>
<item id="43" classid="20124114329474"><brandname><![CDATA[ 索尼]]></brandname></item>
<item id="43" classid="20122356249393"><brandname><![CDATA[ 索尼]]></brandname></item>
<item id="43" classid="20121647742391"><brandname><![CDATA[ 索尼]]></brandname></item>
<item id="43" classid="20126615518223"><brandname><![CDATA[ 索尼]]></brandname></item>
<item id="43" classid="20126778164816"><brandname><![CDATA[ 索尼]]></brandname></item>
<item id="43" classid="20121503504454"><brandname><![CDATA[ 索尼]]></brandname></item>
<item id="43" classid="20123414972622"><brandname><![CDATA[ 索尼]]></brandname></item>
<item id="43" classid="20123095461780"><brandname><![CDATA[ 索尼]]></brandname></item>
<item id="43" classid="20125061317080"><brandname><![CDATA[ 索尼]]></brandname></item>
<item id="43" classid="20121499635137"><brandname><![CDATA[ 索尼]]></brandname></item>
<item id="43" classid="20123120661910"><brandname><![CDATA[ 索尼]]></brandname></item>
<item id="43" classid="20126385838919"><brandname><![CDATA[ 索尼]]></brandname></item>
<item id="43" classid="20121047364666"><brandname><![CDATA[ 索尼]]></brandname></item>
<item id="43" classid="20123725649744"><brandname><![CDATA[ 索尼]]></brandname></item>
<item id="44" classid="20106315753206"><brandname><![CDATA[ 玉兰油]]></brandname></item>
<item id="44" classid="20123260420041"><brandname><![CDATA[ 玉兰油]]></brandname></item>
<item id="44" classid="20125657830437"><brandname><![CDATA[ 玉兰油]]></brandname></item>
<item id="44" classid="20129287890318"><brandname><![CDATA[ 玉兰油]]></brandname></item>
<item id="44" classid="20125066332379"><brandname><![CDATA[ 玉兰油]]></brandname></item>
<item id="44" classid="20120338560723"><brandname><![CDATA[ 玉兰油]]></brandname></item>
<item id="44" classid="20126102106479"><brandname><![CDATA[ 玉兰油]]></brandname></item>
<item id="44" classid="20120332410850"><brandname><![CDATA[ 玉兰油]]></brandname></item>
<item id="44" classid="20126107055506"><brandname><![CDATA[ 玉兰油]]></brandname></item>
<item id="44" classid="20122221183332"><brandname><![CDATA[ 玉兰油]]></brandname></item>
<item id="44" classid="20124773442796"><brandname><![CDATA[ 玉兰油]]></brandname></item>
<item id="45" classid="20124773442796"><brandname><![CDATA[ LEE]]></brandname></item>
<item id="45" classid="20122221183332"><brandname><![CDATA[ LEE]]></brandname></item>
<item id="45" classid="20126107055506"><brandname><![CDATA[ LEE]]></brandname></item>
<item id="51" classid="20144243946947"><brandname><![CDATA[ 乐天]]></brandname></item>
<item id="53" classid="20144243946947"><brandname><![CDATA[ 麦吉士]]></brandname></item>
<item id="59" classid="20106315753206"><brandname><![CDATA[ 三星]]></brandname></item>
</brand>
