﻿<?xml version="1.0" encoding="utf-8" ?>
<class>
<item id="382" tname="财经试卷" ts="382," tn="0" tj="1" dividepercent="2"></item>
<item id="448" tname="职业资格" ts="448," tn="0" tj="1" dividepercent="0"></item>
<item id="383" tname="外语试卷" ts="383," tn="0" tj="1" dividepercent="3"></item>
<item id="469" tname="计算机考试" ts="469," tn="0" tj="1" dividepercent="0"></item>
<item id="385" tname="初级会计职称" ts="382,385," tn="382" tj="2" dividepercent="2"></item>
<item id="384" tname="会计从业" ts="382,384," tn="382" tj="2" dividepercent="1"></item>
<item id="389" tname="注册税务师" ts="382,389," tn="382" tj="2" dividepercent="6"></item>
<item id="395" tname="英语六级" ts="383,395," tn="383" tj="2" dividepercent="6"></item>
<item id="394" tname="英语四级" ts="383,394," tn="383" tj="2" dividepercent="5"></item>
<item id="391" tname="商务英语" ts="383,391," tn="383" tj="2" dividepercent="2"></item>
<item id="401" tname="会计基础" ts="382,384,401," tn="384" tj="3" dividepercent="1"></item>
<item id="402" tname="财经法规" ts="382,384,402," tn="384" tj="3" dividepercent="2"></item>
<item id="403" tname="会计实务" ts="382,384,403," tn="384" tj="3" dividepercent="3"></item>
<item id="404" tname="会计电算化" ts="382,384,404," tn="384" tj="3" dividepercent="4"></item>
<item id="405" tname="初级会计实务" ts="382,385,405," tn="385" tj="3" dividepercent="1"></item>
<item id="406" tname="经济法基础" ts="382,385,406," tn="385" tj="3" dividepercent="2"></item>
<item id="408" tname="税法一" ts="382,389,408," tn="389" tj="3" dividepercent="1"></item>
<item id="409" tname="税法二" ts="382,389,409," tn="389" tj="3" dividepercent="2"></item>
<item id="410" tname="税务代理实务" ts="382,389,410," tn="389" tj="3" dividepercent="3"></item>
<item id="411" tname="财务与会计" ts="382,389,411," tn="389" tj="3" dividepercent="4"></item>
<item id="412" tname="初级" ts="383,391,412," tn="391" tj="3" dividepercent="1"></item>
<item id="413" tname="中级" ts="383,391,413," tn="391" tj="3" dividepercent="2"></item>
<item id="414" tname="高级" ts="383,391,414," tn="391" tj="3" dividepercent="3"></item>
<item id="419" tname="英语四级" ts="383,394,419," tn="394" tj="3" dividepercent="1"></item>
<item id="420" tname="英语六级" ts="383,395,420," tn="395" tj="3" dividepercent="1"></item>
<item id="423" tname="托福" ts="383,395,423," tn="395" tj="3" dividepercent="2"></item>
<item id="424" tname="商务英语" ts="383,395,424," tn="395" tj="3" dividepercent="3"></item>
<item id="425" tname="公共英语" ts="383,395,425," tn="395" tj="3" dividepercent="4"></item>
<item id="426" tname="职称英语" ts="383,395,426," tn="395" tj="3" dividepercent="5"></item>
<item id="427" tname="金融英语" ts="383,395,427," tn="395" tj="3" dividepercent="6"></item>
<item id="450" tname="教师资格" ts="448,450," tn="448" tj="2" dividepercent="0"></item>
<item id="449" tname="证券从业" ts="448,449," tn="448" tj="2" dividepercent="0"></item>
<item id="451" tname="法律顾问" ts="448,451," tn="448" tj="2" dividepercent="0"></item>
<item id="457" tname="管理咨询" ts="448,449,457," tn="449" tj="3" dividepercent="0"></item>
<item id="458" tname="人力资源师" ts="448,449,458," tn="449" tj="3" dividepercent="0"></item>
<item id="459" tname="期货从业" ts="448,449,459," tn="449" tj="3" dividepercent="0"></item>
<item id="460" tname="秘书资格" ts="448,449,460," tn="449" tj="3" dividepercent="0"></item>
<item id="461" tname="心理咨询师" ts="448,449,461," tn="449" tj="3" dividepercent="0"></item>
<item id="452" tname="司法考试" ts="448,450,452," tn="450" tj="3" dividepercent="0"></item>
<item id="453" tname="社会工作者" ts="448,450,453," tn="450" tj="3" dividepercent="0"></item>
<item id="454" tname="电子商务" ts="448,450,454," tn="450" tj="3" dividepercent="0"></item>
<item id="467" tname="导游资格" ts="448,450,467," tn="450" tj="3" dividepercent="0"></item>
<item id="456" tname="公共营养师" ts="448,450,456," tn="450" tj="3" dividepercent="0"></item>
<item id="462" tname="保险从业" ts="448,451,462," tn="451" tj="3" dividepercent="0"></item>
<item id="463" tname="企业培训师" ts="448,451,463," tn="451" tj="3" dividepercent="0"></item>
<item id="464" tname="网络编辑" ts="448,451,464," tn="451" tj="3" dividepercent="0"></item>
<item id="465" tname="驾照考试" ts="448,451,465," tn="451" tj="3" dividepercent="0"></item>
<item id="466" tname="项目管理师" ts="448,451,466," tn="451" tj="3" dividepercent="0"></item>
<item id="470" tname="计算机一级考试" ts="469,470," tn="469" tj="2" dividepercent="0"></item>
</class>
