﻿<?xml version="1.0" encoding="utf-8" ?>
<field>
 <template><![CDATA[{@TemplateDir}/论坛系统/筛选模板.html]]></template>
 <isrewrite>0</isrewrite>
 <maxperpage>20</maxperpage>
 <item name="tid" enabled="true">
  <title>分类</title>
  <fieldname>tid</fieldname>
  <fieldtype>-1</fieldtype>
  <condition>dy</condition>
  <showvalue>0</showvalue>
  <searchvalue>0</searchvalue>
 </item>
 <orderitem name="id" enabled="true">
  <uptitle>按ID升序</uptitle>
  <downtitle>按ID降序</downtitle>
 </orderitem>
 <optionitem  name="1">
  <title>所有</title>
  <sqlparam><![CDATA[1=1]]></sqlparam>
 </optionitem>
 <optionitem  name="2">
  <title>推荐</title>
  <sqlparam><![CDATA[recommend=1]]></sqlparam>
 </optionitem>
</field>
