﻿<?xml version="1.0" encoding="utf-8" ?>
<field>
 <template><![CDATA[{@TemplateDir}/图片系统/筛选模板.html]]></template>
 <isrewrite>0</isrewrite>
 <maxperpage>20</maxperpage>
 <item name="tid" enabled="true">
  <title>分类</title>
  <fieldname>tid</fieldname>
  <fieldtype>-1</fieldtype>
  <condition>dy</condition>
  <showvalue>0</showvalue>
  <searchvalue>0</searchvalue>
 </item>
 <item  name="title" enabled="false">
  <title>图片名称</title>
  <fieldtype>0</fieldtype>
  <fieldname>title</fieldname>
  <condition>dy</condition>
  <showvalue></showvalue>
  <searchvalue></searchvalue>
 </item>
 <item name="keywords" enabled="true">
  <title>关 键 字</title>
  <fieldtype>0</fieldtype>
  <fieldname>keywords</fieldname>
  <condition>dy</condition>
  <showvalue>高清,壁纸,风景</showvalue>
  <searchvalue></searchvalue>
 </item>
 <item name="author" enabled="true">
  <title>图片作者</title>
  <fieldtype>0</fieldtype>
  <fieldname>author</fieldname>
  <condition>dy</condition>
  <showvalue>小林,小陈,小高,小兰</showvalue>
  <searchvalue></searchvalue>
 </item>
 <item name="origin" enabled="true">
  <title>图片来源</title>
  <fieldtype>0</fieldtype>
  <fieldname>origin</fieldname>
  <condition>dy</condition>
  <showvalue>原创,图库网,百度</showvalue>
  <searchvalue></searchvalue>
 </item>
 <orderitem name="id" enabled="true">
  <uptitle>按图片ID升序</uptitle>
  <downtitle>按图片ID降序</downtitle>
 </orderitem>
 <orderitem  name="adddate" enabled="false">
  <uptitle>按添加时间升序</uptitle>
  <downtitle>按添加时间降序</downtitle>
 </orderitem>
 <optionitem  name="1">
  <title>所有图片</title>
  <sqlparam><![CDATA[1=1]]></sqlparam>
 </optionitem>
 <optionitem  name="2">
  <title>推荐图片</title>
  <sqlparam><![CDATA[recommend=1]]></sqlparam>
 </optionitem>
 </field>
