﻿<?xml version="1.0" encoding="utf-8" ?>
<field>
 <template><![CDATA[{@TemplateDir}/动漫系统/筛选模板.html]]></template>
 <isrewrite>0</isrewrite>
 <maxperpage>20</maxperpage>
 <item name="tid" enabled="true">
  <title>分类</title>
  <fieldname>tid</fieldname>
  <fieldtype>-1</fieldtype>
  <condition>dy</condition>
  <showvalue>0</showvalue>
  <searchvalue>0</searchvalue>
 </item>
 <item name="title" enabled="true">
  <title>动漫名称</title>
  <fieldtype>0</fieldtype>
  <fieldname>title</fieldname>
  <condition>dy</condition>
  <showvalue>怪兽,英雄,变形金刚,小黑豆</showvalue>
  <searchvalue></searchvalue>
 </item>
 <item name="keywords" enabled="true">
  <title>关 键 字</title>
  <fieldtype>0</fieldtype>
  <fieldname>keywords</fieldname>
  <condition>dy</condition>
  <showvalue>爱情,益智,动作</showvalue>
  <searchvalue></searchvalue>
 </item>
 <item name="author" enabled="true">
  <title>动漫作者</title>
  <fieldtype>0</fieldtype>
  <fieldname>author</fieldname>
  <condition>dy</condition>
  <showvalue>aaa,bbb,ccc,ddd,eee</showvalue>
  <searchvalue></searchvalue>
 </item>
 <item name="origin" enabled="true">
  <title>动漫来源</title>
  <fieldtype>0</fieldtype>
  <fieldname>origin</fieldname>
  <condition>dy</condition>
  <showvalue>互联网,本站原创,4399,17137</showvalue>
  <searchvalue></searchvalue>
 </item>
 <orderitem name="id" enabled="true">
  <uptitle>按动漫ID升序</uptitle>
  <downtitle>按动漫ID降序</downtitle>
 </orderitem>
 <orderitem  name="adddate" enabled="false">
  <uptitle>按添加时间升序</uptitle>
  <downtitle>按添加时间降序</downtitle>
 </orderitem>
 <optionitem  name="1">
  <title>所有动漫</title>
  <sqlparam><![CDATA[1=1]]></sqlparam>
 </optionitem>
 <optionitem  name="2">
  <title>推荐动漫</title>
  <sqlparam><![CDATA[recommend=1]]></sqlparam>
 </optionitem>
 </field>
