﻿<?xml version="1.0" encoding="utf-8" ?>
<field>
 <template><![CDATA[{@TemplateDir}/影视系统/筛选模板.html]]></template>
 <isrewrite>0</isrewrite>
 <maxperpage>20</maxperpage>
 <item name="tid" enabled="true">
  <title>按分类</title>
  <fieldname>tid</fieldname>
  <fieldtype>-1</fieldtype>
  <condition>dy</condition>
  <showvalue>0</showvalue>
  <searchvalue>0</searchvalue>
 </item>
 <item name="title" enabled="true">
  <title>影片名称</title>
  <fieldtype>0</fieldtype>
  <fieldname>title</fieldname>
  <condition>dy</condition>
  <showvalue>一间房,无间道,功夫小子</showvalue>
  <searchvalue></searchvalue>
 </item>
 <item name="keywords" enabled="true">
  <title>关 键 字</title>
  <fieldtype>0</fieldtype>
  <fieldname>keywords</fieldname>
  <condition>dy</condition>
  <showvalue>成龙,刘德华,张曼玉,周星驰</showvalue>
  <searchvalue></searchvalue>
 </item>
 <orderitem name="id" enabled="true">
  <uptitle>按影片ID升序</uptitle>
  <downtitle>按影片ID降序</downtitle>
 </orderitem>
 <orderitem name="adddate" enabled="true">
  <uptitle>按添加时间升序</uptitle>
  <downtitle>按添加时间降序</downtitle>
 </orderitem>
 <orderitem  name="hits" enabled="false">
  <uptitle>按点击数升序</uptitle>
  <downtitle>按点击数降序</downtitle>
 </orderitem>
 <orderitem  name="cmtnum" enabled="false">
  <uptitle>按评论数升序</uptitle>
  <downtitle>按评论数降序</downtitle>
 </orderitem>
 <optionitem  name="1">
  <title>演员</title>
  <sqlparam><![CDATA[recommend=1]]></sqlparam>
 </optionitem>
 <optionitem  name="2">
  <title>演员1</title>
  <sqlparam><![CDATA[recommend=2]]></sqlparam>
 </optionitem>
 </field>
