﻿<?xml version="1.0" encoding="utf-8" ?>
<field>
 <template><![CDATA[{@TemplateDir}/考试系统/筛选模板.html]]></template>
 <isrewrite>0</isrewrite>
 <maxperpage>20</maxperpage>
 <item name="tid" enabled="true">
  <title>分类</title>
  <fieldname>tid</fieldname>
  <fieldtype>-1</fieldtype>
  <condition>dy</condition>
  <showvalue>0</showvalue>
  <searchvalue>0</searchvalue>
 </item>
 <item  name="KS_2" enabled="false">
  <title>1212</title>
  <fieldtype>3</fieldtype>
  <fieldname>KS_2</fieldname>
  <condition>dy</condition>
  <showvalue>0</showvalue>
  <searchvalue>0</searchvalue>
 </item>
 <orderitem name="id" enabled="true">
  <uptitle>按试卷ID升序</uptitle>
  <downtitle>按试卷ID降序</downtitle>
 </orderitem>
 <orderitem name="adddate" enabled="true">
  <uptitle>按添加时间升序</uptitle>
  <downtitle>按添加时间降序</downtitle>
 </orderitem>
 <optionitem  name="1">
  <title>所有试卷</title>
  <sqlparam><![CDATA[1=1]]></sqlparam>
 </optionitem>
 <optionitem  name="2">
  <title>推荐试卷</title>
  <sqlparam><![CDATA[recommend=1]]></sqlparam>
 </optionitem>
 </field>
